Aalborg,1,Denmark,57.0288887,9.917778015,Romance Standard Time
Aarhus,1,Denmark,56.16333389,10.20361137,Romance Standard Time
Abbotsford ,-8,Canada,49.06638718,-122.3000031,Pacific Standard Time
Aberdeen,0,United Kingdom,57.15000153,-2.099999905,GMT Standard Time
Abidjan,0,Cote d'Ivoire,5.336389065,-4.027777672,Greenwich Standard Time
Abu Dhabi,4,United Arab Emirates,24.48333359,54.36666489,Arabian Standard Time
Abuja,1,Nigeria,9.083333015,7.533333302,W. Central Africa Standard Time
Acapulco,-6,Mexico,16.83888817,-99.90972137,Mexico Standard Time
Accra,0,Ghana,5.55583334,-0.196388885,Greenwich Standard Time
Adak,-10,United States,51.86639023,-176.6497192,Hawaii-Aleutian Standard Time
Addis Ababa,3,Ethiopia,9.033333778,38.70000076,E. Africa Standard Time
Adelaide,9.5,Australia,-34.93333435,138.6000061,Cen. Australia Standard Time
Aden,3,Yemen,12.78333378,45.03333282,Arab Standard Time
Agadir,0,Morocco,30.42018,-9.59815,Morocco Standard Time
Agra,5.5,India,27.18333244,78,India Standard Time
Ahmedabad,5.5,India,23.03972244,72.56694794,India Standard Time
Ain Taya,1,Algeria,36.783333,3.233333,W. Central Africa Standard Time
Akita,9,Japan,39.75,140.0833282,Tokyo Standard Time
Aklavik,-7,Canada,68.21666718,-135,Mountain Standard Time
Akron,-5,United States,41.08333206,-81.51667023,Eastern Standard Time
Akumal,-5,Mexico,20.39666748,-87.31361389,"Quintana Roo, Mexico"
Al Ahsa,3,Saudi Arabia,25.39638901,49.6016655,Arab Standard Time
Al Ain,4,United Arab Emirates,24.22583389,55.74416733,Arabian Standard Time
Al Bayda',3,Yemen,13.97861099,45.57361221,Arab Standard Time
Al Hudaydah,3,Yemen,14.80222225,42.95111084,Arab Standard Time
Al Jahra,3,Kuwait,29.33333397,47.70000076,Arab Standard Time
Alacati,2,Turkey,38.27999878,26.37388802,Turkey Standard Time
Alajuela,-6,Costa Rica,10.01666641,-84.21666718,Central America Standard Time
Albany,-5,United States,42.65000153,-73.75,Eastern Standard Time
Albena,2,Bulgaria,43.37083435,28.07666588,FLE Standard Time
Albuquerque,-7,United States,35.0830574,-106.6500015,Mountain Standard Time
Albury,10,Australia,-36.08222198,146.9102783,AUS Eastern Standard Time
Alert,-5,Canada,82.46666718,-62.5,Eastern Standard Time
Alexandria,2,Egypt,31.2136116,29.94416618,Egypt Standard Time
Algiers,1,Algeria,36.76666641,3.049999952,W. Central Africa Standard Time
Alicante,1,Spain,38.34999847,-0.483333319,Romance Standard Time
Alice Springs,9.5,Australia,-23.70000076,133.8666687,AUS Central Standard Time
Almaty,6,Kazakhstan,43.31666565,76.91666412,Central Asia Standard Time
Almeria,1,Spain,36.84999847,-2.466666698,Romance Standard Time
Alofi,-11,Niue,-19.04999924,-169.9166718,Midway Island Standard Time
Alupka,3,Russia,44.41666794,34.04972076,Crimean Standard Time
Ambato,-5,Ecuador,-1.240277767,-78.62000275,SA Pacific Standard Time
Ambon,9,Indonesia,-3.700000048,128.1666718,Tokyo Standard Time
Amersfoort,1,Netherlands,52.15611267,5.387777805,W. Europe Standard Time
Amherst,-4,Canada,45.83000183,-64.20527649,Atlantic Standard Time
Amiens,1,France,49.88333511,2.299999952,Romance Standard Time
Amman,3,Jordan,31.95000076,35.93333435,Jordan Standard Time
Amritsar,5.5,India,31.63333321,74.8666687,India Standard Time
Amsterdam,1,Netherlands,52.36666489,4.883333206,W. Europe Standard Time
Anadyr,12,Russia,64.73305511,177.5,Petropavlovsk Standard Time
Anapa,3,Russia,44.90000153,37.31666565,Russian Standard Time
Anchorage,-9,United States,61.21666718,-149.8997192,Alaskan Standard Time
Ancona,1,Italy,43.61583328,13.51888847,W. Europe Standard Time
Andorra la Vella,1,Andorra,42.5,1.516666651,Romance Standard Time
Ankara,2,Turkey,39.93333435,32.86639023,Turkey Standard Time
Annaba,1,Algeria,36.9,7.76667,W. Central Africa Standard Time
Annapolis,-5,United States,38.97833252,-76.49250031,Eastern Standard Time
Anshan,8,China,41.11666489,122.9833298,China Standard Time
Antananarivo,3,Madagascar,-18.91666603,47.53333282,E. Africa Standard Time
Antigua,-6,Guatemala,14.55000019,-90.73332977,Guatemala Standard Time
Antwerp,1,Belgium,51.22055435,4.399722099,Romance Standard Time
Apia,-13,Samoa,-13.8330555,-171.75,Samoa Standard Time
Aqaba,3,Jordan,29.4972229,34.99666595,Jordan Standard Time
Arad,2,Romania,46.18333435,21.33333397,FLE Standard Time
Arawa,11,Papua New Guinea,-6.22555542,155.5677795,Bougainville Standard Time
Arequipa,-5,Peru,-16.38333321,-71.51667023,SA Pacific Standard Time
Arica,-3,Chile,-18.45444489,-70.29027557,Chile Standard Time
Arkhangelsk,3,Russia,64.51667023,40.65000153,Russian Standard Time
Arklow,0,Ireland,52.79999924,-6.150000095,GMT Standard Time
Armstrong ,-8,Canada,50.44416809,-119.1961136,Pacific Standard Time
Arraial do Cabo,-3,Brazil,-22.96611023,-42.0288887,E. South America Standard Time
Arzamas,3,Russia,55.38333511,43.83333206,Russian Standard Time
Ashkelon,2,Israel,31.66583252,34.55944443,Israel Standard Time
Ashkhabad,5,Turkmenistan,37.95000076,58.38333511,West Asia Standard Time
Ashland,-8,United States,42.18527603,-122.6980591,Pacific Standard Time
Asmara,3,Eritrea,15.33333302,38.93333435,Arab Standard Time
Astana,6,Kazakhstan,51.18110657,71.42779541,Central Asia Standard Time
Astrakhan,3,Russia,46.35861206,48.06000137,Astrakhan Standard Time
Asuncion,-4,Paraguay,-25.29999924,-57.63333511,Paraguay Standard Time
Athens,2,Greece,37.98333359,23.73333359,FLE Standard Time
Atlanta,-5,United States,33.75,-84.38305664,Eastern Standard Time
Auckland,12,New Zealand,-36.84999847,174.7666626,New Zealand Standard Time
Augusta,-5,United States,44.31638718,-69.78305817,Eastern Standard Time
Aurangabad,5.5,India,19.8852787,75.31972504,India Standard Time
Austin,-6,United States,30.26638794,-97.75,Central Standard Time
Avarua,-10,Cook Islands,-21.20000076,-159.7666626,Hawaiian Standard Time
Aveiro,0,Portugal,40.63333511,-8.649999619,GMT Standard Time
Aylesbury,0,United Kingdom,51.81583405,-0.816666663,GMT Standard Time
Az Zarqa,3,Jordan,32.03333282,36.08333206,Jordan Standard Time
Bacau,2,Romania,46.56666565,26.91666603,FLE Standard Time
Bacolod,8,Philippines,10.67805576,122.9466629,Singapore Standard Time
Badajoz,1,Spain,38.88333511,-6.966666698,Romance Standard Time
Baden-Baden,1,Germany,48.75,8.233333588,W. Europe Standard Time
Baghdad,3,Iraq,33.33333206,44.40000153,Arabic Standard Time
Bahawalpur,5,Pakistan,26.39222145,71.67138672,Pakistan Standard Time
Bahia Blanca,-3,Argentina,-38.73333359,-62.26638794,Argentina Standard Time
Bahia Kino,-7,Mexico,28.8227787,-111.9363861,US Mountain Standard Time
Baku,4,Azerbaijan,40.36639023,49.90000153,Baku Standard Time
Balabag,8,Philippines,11.96694469,121.9274979,Singapore Standard Time
Balanga,8,Philippines,14.67500019,120.5386124,Singapore Standard Time
Balikpapan,8,Indonesia,-1.263611078,116.827774,Singapore Standard Time
Balti,2,Moldova,47.75888824,27.92583275,Moldova Standard Time
Baltimore,-5,United States,39.28305435,-76.6166687,Eastern Standard Time
Bamako,0,Mali,12.64999962,-8,Greenwich Standard Time
Bandar Seri Begawan,8,Brunei,4.933333397,114.9499969,Singapore Standard Time
Bandarban,6,Bangladesh,22.19611168,92.21749878,Bangladesh Standard Time
Bandung,7,Indonesia,-6.916666508,107.5999985,SE Asia Standard Time
Banff,-7,Canada,51.18083191,-115.5688858,Mountain Standard Time
Bangalore,5.5,India,12.96666622,77.56666565,India Standard Time
Bangkok,7,Thailand,13.75,100.5166931,SE Asia Standard Time
Bangui,1,Central African Republic,4.366666794,18.54999924,W. Central Africa Standard Time
Banja Luka,1,Bosnia and Herzegovina,44.76638794,17.18305588,Central European Standard Time
Banjul,0,Gambia,13.44999981,-16.58333397,Greenwich Standard Time
Baotou,8,China,40.66666794,109.8000031,China Standard Time
Barcelona,1,Spain,41.40000153,2.166666746,W. Europe Standard Time
Barcelona,-4.5,Venezuela,10.13305569,-64.71666718,Venezuela Standard Time
Bareilly,5.5,India,28.35333252,79.40944672,India Standard Time
Bari,1,Italy,41.12611008,16.86916733,W. Europe Standard Time
Barnaul,6,Russia,53.35472107,83.76972198,Barnaul Standard Time
Barrie,-5,Canada,44.37805557,-79.70166779,Eastern Standard Time
Basseterre,-4,Saint Kitts and Nevis,17.29999924,-62.73333359,SA Western Standard Time
Basse-Terre,-4,Guadeloupe,16,-61.71666718,SA Western Standard Time
Baton Rouge,-6,United States,30.45000076,-91.15000153,Central Standard Time
Beijing,8,China,39.93333435,116.3833313,China Standard Time
Beirut,2,Lebanon,33.86639023,35.51638794,Lebanon Standard Time
Beja,0,Portugal,38.01666641,-7.866666794,GMT Standard Time
Beja,1,Tunisia,36.73333359,9.183333397,W. Central Africa Standard Time
Bejaia,1,Algeria,36.75587,5.08433,W. Central Africa Standard Time
Belfast,0,United Kingdom,54.58333206,-5.916666508,GMT Standard Time
Belgorod,3,Russia,50.59999847,36.61666489,Russian Standard Time
Belgrade,1,Serbia,44.81638718,20.46666718,Central Europe Standard Time
Belize City,-6,Belize,17.49777794,-88.1866684,Central America Standard Time
Bellevue,-8,United States,47.61055374,-122.1994476,Pacific Standard Time
Belmopan,-6,Belize,17.26666641,-88.78333282,Central America Standard Time
Belo Horizonte,-3,Brazil,-19.81583405,-43.95416641,E. South America Standard Time
Belogradchik,2,Bulgaria,43.632061,22.69515038,FLE Standard Time
Benevento,1,Italy,41.1305542,14.78111076,W. Europe Standard Time
Benxi,8,China,41.29416656,123.7663879,China Standard Time
Bergen,1,Norway,60.34999847,5.349999905,W. Europe Standard Time
Berlin,1,Germany,52.51666641,13.39999962,W. Europe Standard Time
Bern,1,Switzerland,46.91666794,7.466666698,W. Europe Standard Time
Beziers,1,France,43.34166718,3.217777729,Romance Standard Time
Bhopal,5.5,India,23.23555565,77.40972137,India Standard Time
Bhubaneswar,5.5,India,20.26361084,85.83528137,India Standard Time
Bilbao,1,Spain,43.25694275,-2.923611164,Romance Standard Time
Billings,-7,United States,45.78277588,-108.5044479,Mountain Standard Time
Biratchowk,5.75,Nepal,26.66916656,87.38111115,Nepal Standard Time
Birmingham-UK,0,United Kingdom,52.5,-1.866666675,GMT Standard Time
Birmingham-US,-6,United States,33.51666641,-86.80000305,Central Standard Time
Bishkek,6,Kyrgyzstan,42.86666489,74.58333588,Central Asia Standard Time
Biskra,1,Algeria,34.85038,5.72805,W. Central Africa Standard Time
Bismarck,-6,United States,46.81638718,-100.7830582,Central Standard Time
Bissau,0,Guinea-Bissau,11.86666679,-15.60000038,Greenwich Standard Time
Bizerte,1,Tunisia,37.26666641,9.866666794,W. Central Africa Standard Time
Blanes,1,Spain,41.67416763,2.791944504,Romance Standard Time
Blantyre,2,Malawi,-15.78611088,35.00583267,South Africa Standard Time
Blantyre-Hamilton,0,United Kingdom,55.78333282,-4.116666794,GMT Standard Time
Blida,1,Algeria,36.47004,2.8277,W. Central Africa Standard Time
Bloemfontein,2,South Africa,-29.11805534,26.22305489,South Africa Standard Time
Boca Raton,-5,United States,26.36833382,-80.12889099,Eastern Standard Time
Bodrum,2,Turkey,37.04249954,27.43499947,Turkey Standard Time
Bogota,-5,Colombia,4.599999905,-74.08333588,SA Pacific Standard Time
Boise,-7,United States,43.61639023,-116.1997223,Mountain Standard Time
Bologna,1,Italy,44.4944458,11.34916687,W. Europe Standard Time
Bonn,1,Germany,50.73333359,7.083333492,W. Europe Standard Time
Bordeaux,1,France,44.83333206,-0.583333313,Romance Standard Time
Boston,-5,United States,42.36639023,-71.06639099,Eastern Standard Time
Bothell,-8,United States,47.76232,-122.2054,Pacific Standard Time
Braganca,0,Portugal,41.80722046,-6.758888721,GMT Standard Time
Brasilia,-3,Brazil,-15.7919445,-47.89777756,E. South America Standard Time
Bratislava,1,Slovakia,48.15000153,17.11666679,Central Europe Standard Time
Brazzaville,1,Congo,-4.266666889,15.28333378,W. Central Africa Standard Time
Bremen,1,Germany,53.08333206,8.850000381,W. Europe Standard Time
Brest,1,France,48.40000153,-4.466666698,Romance Standard Time
Bridgetown,-4,Barbados,13.10000038,-59.61666489,SA Western Standard Time
Brindisi,1,Italy,40.63611221,17.93888855,W. Europe Standard Time
Brisbane,10,Australia,-27.46666718,153.0166626,E. Australia Standard Time
Bristol,0,United Kingdom,51.48333359,-2.533333302,GMT Standard Time
Brno,1,Czech Republic,49.19388962,16.61333275,Central Europe Standard Time
Brussels,1,Belgium,50.83329773,4.333297729,Romance Standard Time
Bucharest,2,Romania,44.43333435,26.10000038,FLE Standard Time
Budapest,1,Hungary,47.5,19.08333397,Central Europe Standard Time
Buena Park,-8,United States,33.85610962,-118.0041656,Pacific Standard Time
Buenos Aires,-3,Argentina,-34.5830574,-58.66666794,Argentina Standard Time
Buffalo,-5,United States,42.88333511,-78.8833313,Eastern Standard Time
Bujumbura,2,Burundi,-3.383333445,29.36666679,South Africa Standard Time
Burgos,1,Spain,42.34111023,-3.695833445,Romance Standard Time
Buri Ram,7,Thailand,14.99638844,103.1125031,SE Asia Standard Time
Burnaby,-8,Canada,49.24888992,-122.9738922,Pacific Standard Time
Bursa,2,Turkey,40.18361282,29.0625,Turkey Standard Time
Busan,9,Korea South,35.15777588,129.054718,Korea Standard Time
Butterworth,8,Malaysia,5.396944523,100.4141693,Singapore Standard Time
Cabo San Lucas,-7,Mexico,22.89055634,-109.9166641,Mexico Standard Time 2
Cairns,10,Australia,-16.92472267,145.7733307,E. Australia Standard Time
Cairo,2,Egypt,30.04999924,31.25,Egypt Standard Time
Calabar,1,Nigeria,4.957221985,8.314444542,W. Central Africa Standard Time
Calgary,-7,Canada,51.05361176,-114.0625,Mountain Standard Time
Campinas,-3,Brazil,-22.90638924,-47.0616684,E. South America Standard Time
Canberra,10,Australia,-35.28333282,149.2166595,AUS Eastern Standard Time
Cancun,-5,Mexico,21.14777756,-86.83499908,"Quintana Roo, Mexico"
Canmore,-7,Canada,51.08333206,-115.3333435,Mountain Standard Time
Cannes,1,France,43.56666565,7.016666889,Romance Standard Time
Cannon Beach,-8,United States,45.88777924,-123.9627762,Pacific Standard Time
Cape Town,2,South Africa,-33.93333435,18.46666718,South Africa Standard Time
Capitola,-8,United States,36.97527695,-121.9522247,Pacific Standard Time
Caracas,-4.5,Venezuela,10.5,-66.91666412,Venezuela Standard Time
Carcassonne,1,France,43.21250153,2.35611105,Romance Standard Time
Cardiff,0,United Kingdom,51.47805405,-3.177222252,GMT Standard Time
Carson City,-8,United States,39.16666794,-119.7666702,Pacific Standard Time
Cartagena,1,Spain,37.61666489,-0.983333349,Romance Standard Time
Casablanca,0,Morocco,33.59972382,-7.616666794,Morocco Standard Time
Castelo Branco,0,Portugal,39.81666565,-7.483333111,GMT Standard Time
Castlebar,0,Ireland,53.86666489,-9.300000191,GMT Standard Time
Castries,-4,Saint Lucia,14,-60.98333359,SA Western Standard Time
Catamarca,-3,Argentina,-28.46611023,-65.78083038,SA Eastern Standard Time
Catania,1,Italy,37.50305557,15.08805561,W. Europe Standard Time
Catarman,8,Philippines,12.50249958,124.6358337,Singapore Standard Time
Cayenne,-3,French Guiana,4.933333397,-52.33333206,SA Eastern Standard Time
Cebu,8,Philippines,10.30722237,123.8983307,Singapore Standard Time
Cedar Park,-6,United States,30.50527763,-97.82027435,Central Standard Time
Champaign,-6,United States,40.11639023,-88.24333191,Central Standard Time
Chandigarh,5.5,India,30.73333359,76.78333282,India Standard Time
Chandler,-7,United States,33.30611038,-111.8405533,US Mountain Standard Time
Changchun,8,China,43.88333511,128.3166656,China Standard Time
Chania,2,Greece,35.50916672,24.02527809,FLE Standard Time
Chantilly,-5,United States,38.87722397,-77.40888977,Eastern Standard Time
Charleston,-5,United States,38.35333252,-81.63527679,Eastern Standard Time
Charlotte,-5,United States,35.23333359,-80.84972382,Eastern Standard Time
Charlotte Amalie,-4,Virgin Islands U.S.,18.35000038,-64.93333435,SA Western Standard Time
Charlottetown,-4,Canada,46.23527908,-63.12666702,Atlantic Standard Time
Chattanooga,-5,United States,35.04999924,-85.31666565,Eastern Standard Time
Chelyabinsk,5,Russia,55.15000153,61.43333435,Ekaterinburg Standard Time
Chengdu,8,China,30.67000008,104.0713882,China Standard Time
Chennai,5.5,India,13.08333302,80.26667023,India Standard Time
Cherepovets,3,Russia,59.13333511,37.88333511,Russian Standard Time
Chernobyl,2,Ukraine,51.26638794,30.23333359,Ukraine Standard Time
Cheruvathur,5.5,India,12.21583366,75.16139221,India Standard Time
Chiang Mai,7,Thailand,18.78694534,99,SE Asia Standard Time
Chicago,-6,United States,41.84972382,-87.65000153,Central Standard Time
Chichen Itza,-6,Mexico,20.67833328,-88.5716629,Mexico Standard Time
Chihuahua,-7,Mexico,28.63330078,-106.0832977,Mexico Standard Time 2
Chilliwack ,-8,Canada,49.15805435,-121.9513855,Pacific Standard Time
Chimoio,2,Mozambique,-18.99916649,33.38305664,South Africa Standard Time
Chinandega,-6,Nicaragua,12.63333321,-87.1333313,Central America Standard Time
Chirala,5.5,India,15.8283329,80.35666656,India Standard Time
Chisinau,2,Moldova,47.02694321,28.84166718,Moldova Standard Time
Chita,8,Russia,52.04555511,113.4986115,Chita Standard Time
Chittagong,6,Bangladesh,22.36666679,91.80000305,Bangladesh Standard Time
Chongqing,8,China,29.56666565,106.5833359,China Standard Time
Christchurch,12,New Zealand,-43.53333282,172.6333313,New Zealand Standard Time
Cienfuegos,-5,Cuba,22.16638947,-80.44972229,Cuba Standard Time
Cincinnati,-5,United States,39.16666794,-84.44972229,Eastern Standard Time
Ciudad Acuna,-6,Mexico,29.31833267,-100.9325027,Central Standard Time
Ciudad Juarez,-7,Mexico,31.73666573,-106.473053,Mountain Standard Time
Cleveland,-5,United States,41.5,-81.69999695,Eastern Standard Time
Cluj,2,Romania,46.78333282,23.60000038,FLE Standard Time
Cockburn Town,-4,Turks and Caicos Islands,21.46666718,-71.13305664,Turks and Caicos Standard Time
Coimbatore,5.5,India,11.00527763,76.97083282,India Standard Time
Collioure,1,France,42.51666641,3.083333015,Romance Standard Time
Cologne,1,Germany,50.94916534,6.959722042,W. Europe Standard Time
Colombo,5.5,Sri Lanka,6.933333397,79.84999847,India Standard Time
Colorado Springs ,-7,United States,38.83333206,-104.8166656,Mountain Standard Time
Columbia,-5,United States,34.01638794,-81,Eastern Standard Time
Columbus-GA,-5,United States,32.46666718,-84.98332977,Eastern Standard Time
Columbus-OH,-5,United States,39.96666718,-83,Eastern Standard Time
Conakry,0,Guinea,9.533333778,-13.6833334,Greenwich Standard Time
Constanta,2,Romania,44.18333435,28.64999962,FLE Standard Time
Constantine,1,Algeria,36.365,6.61472,W. Central Africa Standard Time
Coos Bay,-8,United States,43.36639023,-124.2177811,Pacific Standard Time
Copenhagen,1,Denmark,55.66670227,12.58329773,Romance Standard Time
Coquille,-8,United States,43.17694473,-124.1875,Pacific Standard Time
Coral Springs,-5,United States,26.27166748,-80.27083588,Eastern Standard Time
Cordoba,-3,Argentina,-31.41666603,-64.18333435,Argentina Standard Time
Corfu,2,Greece,39.61777878,19.9197216,FLE Standard Time
Cork,0,Ireland,51.90000153,-8.483333588,GMT Standard Time
Corrientes,-3,Argentina,-27.4711113,-58.83972168,Argentina Standard Time
Cotonou,1,Benin,6.366666794,2.433333397,W. Central Africa Standard Time
Cox's Bazar,6,Bangladesh,21.44333267,91.97222137,Bangladesh Standard Time
Craiova,2,Romania,44.31666565,23.81666756,FLE Standard Time
Cranbrook ,-7,Canada,49.51805496,-115.7613907,Mountain Standard Time
Cuenca,-5,Ecuador,-2.896111012,-79.00527954,SA Pacific Standard Time
Cuiaba,-4,Brazil,-15.59888935,-56.09500122,Cuiaba Standard Time
Culiacan,-7,Mexico,24.80416679,-107.3877792,Mexico Standard Time 2
Cupertino,-8,United States,37.53305435,-122.0500031,Pacific Standard Time
Curitiba,-3,Brazil,-25.42972183,-49.27111053,E. South America Standard Time
Da Nang,7,Vietnam,16.05166626,108.2149963,SE Asia Standard Time
Daegu,9,Korea South,35.86360931,128.5913849,Korea Standard Time
Dakar,0,Senegal,14.6833334,-17.45000076,Greenwich Standard Time
Dakhla,0,Morocco,23.69750023,-15.93694401,Morocco Standard Time
Dalian,8,China,38.95000076,121.5833359,China Standard Time
Dallas,-6,United States,32.76666641,-96.80000305,Central Standard Time
Damascus,2,Syria,33.51666641,36.31666565,Syria Standard Time
Damauli,5.75,Nepal,27.95861053,84.28055573,Nepal Standard Time
Dambulla,5.5,Sri Lanka,7.856666565,80.64916992,India Standard Time
Dampier,8,Australia,-20.66666603,116.7166672,W. Australia Standard Time
Dandong,8,China,40.12722397,124.3850021,China Standard Time
Dar es Salaam,3,Tanzania,-6.800000191,39.28305435,E. Africa Standard Time
Darasuram,5.5,India,10.95138931,79.35610962,India Standard Time
Darwin,9.5,Australia,-12.4333334,130.8500061,AUS Central Standard Time
Dausa,5.5,India,26.88944435,76.33611298,India Standard Time
Davao,8,Philippines,7.079999924,125.6136093,Singapore Standard Time
Dayton,-5,United States,39.76666641,-84.19999695,Eastern Standard Time
Del Rio,-6,United States,29.36277771,-100.8969421,Central Standard Time
Delhi,5.5,India,28.61666679,77.21670532,India Standard Time
Denpasar,8,Indonesia,-8.656389236,115.2222214,Singapore Standard Time
Denver ,-7,United States,39.75500107,-104.9880524,Mountain Standard Time
Des Moines,-6,United States,41.59972382,-93.63305664,Central Standard Time
Detroit,-5,United States,42.33139038,-83.04582977,Eastern Standard Time
Dhahran,3,Saudi Arabia,26.28333282,50.11666489,Arab Standard Time
Dhaka,6,Bangladesh,23.85000038,90.40000153,Bangladesh Standard Time
Dhamar,3,Yemen,14.55000019,44.40166855,Arab Standard Time
Dharan,5.75,Nepal,26.81138802,87.26889038,Nepal Standard Time
Dieppe,1,France,49.93333435,1.083333373,Romance Standard Time
Diffa,1,Niger,13.31555557,12.60888863,W. Central Africa Standard Time
Dili,9,East Timor,-8.566389084,125.5833359,East Timor Standard Time
Djember,7,Indonesia,-8.172499657,113.7002792,SE Asia Standard Time
Djibouti,3,Djibouti,11.58333302,43.15000153,Arab Standard Time
Dnepropetrovsk,2,Ukraine,48.45000076,34.98333359,Ukraine Standard Time
Dodoma,3,Tanzania,-6.183333397,35.73333359,E. Africa Standard Time
Doha,3,Qatar,25.25,51.56666565,Arab Standard Time
Donauworth,1,Germany,48.71944427,10.77666664,W. Europe Standard Time
Donetsk,2,Ukraine,48,37.79972076,Ukraine Standard Time
Doolin,0,Ireland,53.01610947,-9.37749958,GMT Standard Time
Douala,1,Cameroon,4.047500134,9.706388474,W. Central Africa Standard Time
Dover,0,United Kingdom,51.13333511,1.283333302,GMT Standard Time
Dresden,1,Germany,51.04999924,13.69999981,W. Europe Standard Time
Drogheda,0,Ireland,53.71666718,-6.349999905,GMT Standard Time
Dubai,4,United Arab Emirates,25.21666718,55.28333282,Arabian Standard Time
Dublin,0,Ireland,53.33309937,-6.248901367,GMT Standard Time
Dublin OH,-5,United States,40.09916687,-83.11416626,Eastern Standard Time
Duesseldorf,1,Germany,51.23333359,6.783333302,W. Europe Standard Time
Duluth,-6,United States,46.78666687,-92.10055542,Central Standard Time
Dumaguete,8,Philippines,9.314167023,123.3102798,Singapore Standard Time
Dundee,0,United Kingdom,56.46666718,-3,GMT Standard Time
Dunedin,12,New Zealand,-45.88360977,170.4741669,New Zealand Standard Time
Dunkerque,1,France,51.03333282,2.349999905,Romance Standard Time
DuPont,-8,United States,47.0969429,-122.6299973,Pacific Standard Time
Durban,2,South Africa,-29.86666679,30.98333359,South Africa Standard Time
Durres,1,Albania,41.32722092,19.45416641,W. Europe Standard Time
Dushanbe,5,Tajikistan,38.56666565,68.78333282,West Asia Standard Time
Duvall,-8,United States,47.74305725,-121.9858322,Pacific Standard Time
Dzerzhinsk,3,Russia,56.26666641,43.34999847,Russian Standard Time
East Jerusalem,2,Palestine,31.78336,35.23388,Palestine Standard Time
East London,2,South Africa,-32.96666718,27.86666679,South Africa Standard Time
Edinburgh,0,United Kingdom,55.94999695,-3.199996948,GMT Standard Time
Edmonton,-7,Canada,53.54083252,-113.4936142,Mountain Standard Time
Eindhoven,1,Netherlands,51.43999863,5.477499962,W. Europe Standard Time
Eirunepe,-5,Brazil,-6.660277843,-69.87444305,"Rio Branco, Brazil"
Ekaterinburg,5,Russia,56.84999847,60.59999847,Ekaterinburg Standard Time
El Jem,1,Tunisia,35.29000092,10.69999981,W. Central Africa Standard Time
El Kef,1,Tunisia,36.18222046,8.714722633,W. Central Africa Standard Time
El Paso,-7,United States,31.76638794,-106.4830551,Mountain Standard Time
Ende,8,Indonesia,-8.84916687,121.6622238,Singapore Standard Time
Ensenada,-8,Mexico,31.86944389,-116.5936127,Pacific Standard Time
Esfahan,3.5,Iran,32.65139008,51.67916489,Iran Standard Time
Essen,1,Germany,51.46666718,7,W. Europe Standard Time
Etterbeek,1,Belgium,50.83666611,4.386944294,Romance Standard Time
Eugene,-8,United States,44.04000092,-123.082222,Pacific Standard Time
Ezcaray,1,Spain,42.32611084,-3.014444351,Romance Standard Time
Fairbanks,-9,United States,64.81639099,-146.25,Alaskan Standard Time
Falmouth,0,United Kingdom,50.15000153,-5.066666603,GMT Standard Time
Faro,0,Portugal,37.01666641,-7.933333397,GMT Standard Time
Fes,0,Morocco,34.03715,-4.9998,Morocco Standard Time
Flic en Flac,4,Mauritius,-20.28027725,57.37083435,Mauritius Standard Time
Florence,1,Italy,43.76861191,11.25694466,W. Europe Standard Time
Florence,-8,United States,43.98333359,-124.0999985,Pacific Standard Time
Floro,1,Norway,61.59972382,5.034722328,W. Europe Standard Time
Folcroft,-5,United States,39.89083481,-75.28388977,Eastern Standard Time
Folsom,-8,United States,38.67805481,-121.1750031,Pacific Standard Time
Fontainebleau,1,France,48.4058342,2.701944351,Romance Standard Time
Fort Collins ,-7,United States,40.58527756,-105.0844421,Mountain Standard Time
Fort Defiance,-7,United States,35.74194336,-109.0666656,Mountain Standard Time
Fort Worth,-6,United States,32.73333359,-97.31666565,Central Standard Time
Fortaleza,-3,Brazil,-3.75,-38.58333206,SA Eastern Standard Time
Fort-de-France,-4,Martinique,14.60000038,-61.06666565,SA Western Standard Time
Foshan,8,China,23.02166748,113.1213913,China Standard Time
Foster City,-8,United States,37.55861282,-122.2711105,Pacific Standard Time
Foxton,12,New Zealand,-40.47138977,175.2858276,New Zealand Standard Time
Fragneto Monforte,1,Italy,41.24666595,14.76333332,W. Europe Standard Time
Frankfurt,1,Germany,50.03333282,8.566666603,W. Europe Standard Time
Freetown,0,Sierra Leone,8.483333588,-13.23333359,Greenwich Standard Time
Fremont,-8,United States,37.54999924,-121.9833298,Pacific Standard Time
Fresno,-8,United States,36.74773,-119.77237,Pacific Standard Time
Ft. Lauderdale,-5,United States,26.1222229,-80.14333344,Eastern Standard Time
Fujairah,4,United Arab Emirates,25.11888885,56.34944534,Arabian Standard Time
Fukui,9,Japan,36.06666565,136.2166595,Tokyo Standard Time
Fukuoka,9,Japan,33.58333206,130.3999939,Tokyo Standard Time
Funafuti,12,Tuvalu,-8.516666412,179.2166595,Marshall Islands Standard Time
Fuzhou,8,China,26.06666756,119.3000031,China Standard Time
Gaborone,2,Botswana,-24.64999962,25.91666603,South Africa Standard Time
Gafsa,1,Tunisia,34.425,8.78417,W. Central Africa Standard Time
Galesburg,-6,United States,40.94777679,-90.37110901,Central Standard Time
Galle,5.5,Sri Lanka,6.033333302,80.21833038,India Standard Time
Galway,0,Ireland,53.26666641,-9.066666603,GMT Standard Time
Gary,-6,United States,41.59555435,-87.34527588,Central Standard Time
Gatton,10,Australia,-27.56666756,152.2833405,E. Australia Standard Time
Gavle,1,Sweden,60.68333435,17.18333244,W. Europe Standard Time
Gaya,5.5,India,24.78000069,85,India Standard Time
Gaza,2,Palestine,31.5,34.46667,Palestine Standard Time
Gdansk,1,Poland,54.35194397,18.64666748,Central European Standard Time
Gelendzhik,3,Russia,44.54999924,38.08333206,Russian Standard Time
Geneva,1,Switzerland,46.23333359,6.066666603,W. Europe Standard Time
Genoa,1,Italy,44.41055679,8.935277939,W. Europe Standard Time
Gent,1,Belgium,51.04999924,3.733333349,Romance Standard Time
George Town,-5,Cayman Islands,19.29583359,-81.3758316,Cayman Islands Standard Time
George Town,8,Malaysia,5.363611221,100.3108368,Singapore Standard Time
Georgetown,-4,Guyana,6.783333302,-58.15000153,SA Western Standard Time
Ghardaia,1,Algeria,32.49094,3.67347,W. Central Africa Standard Time
Ghatgaon,5.5,India,21.40416718,85.88694763,India Standard Time
Ghumli,5.5,India,21.88583374,69.76361084,India Standard Time
Gibraltar,1,Gibraltar,36.13333511,-5.349999905,Romance Standard Time
Gig Harbor,-8,United States,47.32694626,-122.5955582,Pacific Standard Time
Girona,1,Spain,41.98166656,2.823611021,Romance Standard Time
Giurgiu,2,Romania,43.90000153,25.96666718,FLE Standard Time
Gladstone,10,Australia,-23.85000038,151.2666626,E. Australia Standard Time
Glasgow,0,United Kingdom,55.86666489,-4.266666889,GMT Standard Time
Gloucester,0,United Kingdom,51.88333511,-2.25,GMT Standard Time
Golden,-7,Canada,51.29611206,-116.9630585,Mountain Standard Time
Golra Sharif,5,Pakistan,33.69388962,72.97694397,Pakistan Standard Time
Gosford,10,Australia,-33.42722321,151.343338,AUS Eastern Standard Time
Gothenburg,1,Sweden,57.68333435,11.96666622,W. Europe Standard Time
Grafton,10,Australia,-29.68333244,152.9333344,AUS Eastern Standard Time
Granada,-6,Nicaragua,11.92805576,-85.95999908,Central America Standard Time
Granada,1,Spain,37.16666794,-3.599999905,Romance Standard Time
Grand Rapids,-5,United States,42.96666718,-85.66666412,Eastern Standard Time
Grand-Bassam,0,Cote d'Ivoire,5.199999809,-3.733333349,Greenwich Standard Time
Grasse,1,France,43.6586113,6.923611164,Romance Standard Time
Gratkorn,1,Austria,47.13499832,15.34027767,W. Europe Standard Time
Graz,1,Austria,47.07055664,15.43805599,W. Europe Standard Time
Great Falls,-7,United States,47.50027847,-111.3008347,Mountain Standard Time
Grenoble,1,France,45.18333435,5.716666698,Romance Standard Time
Guadalajara,-6,Mexico,20.66670227,-103.3332977,Mexico Standard Time
Guangzhou,8,China,23.11666679,113.2666702,China Standard Time
Guatemala City,-6,Guatemala,14.625,-90.53277588,Guatemala Standard Time
Guayaquil,-5,Ecuador,-2.200000048,-79.90000153,SA Pacific Standard Time
Guaymas,-7,Mexico,27.91388893,-110.9022217,US Mountain Standard Time
Guelph,-5,Canada,43.54999924,-80.25,Eastern Standard Time
Gulbarga,5.5,India,17.32999992,76.83000183,India Standard Time
Gyor,1,Hungary,47.68416595,17.63500023,Central Europe Standard Time
Gyumri,4,Armenia,40.78944397,43.84749985,Armenia Standard Time
Hagatna,10,Guam,13.46666622,144.75,West Pacific Standard Time
Hai Phong,7,Vietnam,20.86138916,106.6797256,SE Asia Standard Time
Haifa,2,Israel,32.81194305,34.99888992,Israel Standard Time
Halab,2,Syria,36.21666718,37.16666794,Syria Standard Time
Halifax,-4,Canada,44.64611053,-63.57361221,Atlantic Standard Time
Halle,1,Belgium,50.73694611,4.237222195,Romance Standard Time
Hama,2,Syria,35.13333511,36.75,Syria Standard Time
Hamburg,1,Germany,53.54999924,10,W. Europe Standard Time
Hamilton,-4,Bermuda,32.29999924,-64.80000305,Atlantic Standard Time
Hamilton,-5,Canada,43.25,-79.84999847,Eastern Standard Time
Hammamet,1,Tunisia,36.40000153,10.61666679,W. Central Africa Standard Time
Hammerfest,1,Norway,70.68333435,23.70000076,W. Europe Standard Time
Hanamkonda,5.5,India,18.01666641,79.6333313,India Standard Time
Hangzhou,8,China,30.27361107,120.1552811,China Standard Time
Hanjiang,8,China,25.46666718,119.1166687,China Standard Time
Hannover,1,Germany,52.38333511,9.733333588,W. Europe Standard Time
Hanoi,7,Vietnam,21.01666641,105.8833313,SE Asia Standard Time
Harare,2,Zimbabwe,-17.83333397,31.04999924,South Africa Standard Time
Harbin,8,China,45.75,126.6166687,China Standard Time
Harstad,1,Norway,68.80000305,16.56666756,W. Europe Standard Time
Hassan,5.5,India,13.00722218,76.09444427,India Standard Time
Hastings,12,New Zealand,-39.63999939,176.8413849,New Zealand Standard Time
Hat Yai,7,Thailand,7.001944542,100.457222,SE Asia Standard Time
Havana,-5,Cuba,23.13305473,-81.6166687,Cuba Standard Time
Heerlen,1,Netherlands,50.88305664,5.98083353,W. Europe Standard Time
Helena,-7,United States,46.59111023,-112.0205536,Mountain Standard Time
Helsingborg,1,Sweden,56.04999924,12.69999981,W. Europe Standard Time
Helsingor,1,Denmark,56.0363884,12.6133337,Romance Standard Time
Helsinki,2,Finland,60.16666794,24.96666718,FLE Standard Time
Heredia,-6,Costa Rica,9.991944313,-84.12000275,Central America Standard Time
Hermosillo,-7,Mexico,29.09166718,-110.9458313,US Mountain Standard Time
Hikkaduwa,5.5,Sri Lanka,6.128055573,80.10444641,India Standard Time
Hillsboro,-8,United States,45.52305603,-122.9886093,Pacific Standard Time
Hilo,-10,United States,19.69333267,-155.0905609,Hawaiian Standard Time
Hiroshima,9,Japan,34.38333511,132.4333344,Tokyo Standard Time
Ho Chi Minh,7,Vietnam,10.78333378,106.6999969,SE Asia Standard Time
Hobart,10,Australia,-42.88333511,147.3166656,Tasmania Standard Time
Hohhot,8,China,40.81666565,111.6500015,China Standard Time
Homagama,5.5,Sri Lanka,6.840833187,80.0138855,India Standard Time
Hong Kong,8,China,22.28333282,114.1666641,China Standard Time
Honiara,11,Solomon Islands,-9.433303833,159.9500122,Central Pacific Standard Time
Honokaa,-10,United States,20.07749939,-155.4641724,Hawaiian Standard Time
Honolulu,-10,United States,21.31666756,-157.8666687,Hawaiian Standard Time
Hope ,-8,Canada,49.3805542,-121.4444427,Pacific Standard Time
Hora Sfakion,2,Greece,35.20166779,24.13694382,FLE Standard Time
Horsens,1,Denmark,55.86055374,9.849721909,Romance Standard Time
Hostalric,1,Spain,41.74638748,2.635555506,Romance Standard Time
Houston,-6,United States,29.75,-95.38305664,Central Standard Time
Howland Island,-12,United States,0.80916667,-176.6174927,Dateline Standard Time
Hua Hin,7,Thailand,12.57027817,99.95777893,SE Asia Standard Time
Hubli,5.5,India,15.35000038,75.1333313,India Standard Time
Hudson,-5,United States,42.39166641,-71.56666565,Eastern Standard Time
Huelva,1,Spain,37.25,-6.949999809,Romance Standard Time
Huizhou,8,China,23.1119442,114.4161148,China Standard Time
Huntingdon,-5,Canada,45.09194565,-74.17666626,Eastern Standard Time
Huntington,-5,United States,38.41055679,-82.42861176,Eastern Standard Time
Hyderabad,5.5,India,17.39999962,78.48332977,India Standard Time
Iasi,2,Romania,47.17027664,27.58361053,E. Europe Standard Time
Ibadan,1,Nigeria,7.396389008,3.916666746,W. Central Africa Standard Time
Ibb,3,Yemen,13.9663887,44.16638947,Arab Standard Time
Igoumenitsa,2,Greece,39.5047226,20.26277733,FLE Standard Time
Iligan,8,Philippines,8.232777596,124.2402802,Singapore Standard Time
Incheon,9,Korea South,37.45916748,126.7038879,Korea Standard Time
Indianapolis,-5,United States,39.76638794,-86.15000153,Eastern Standard Time
Inuvik,-7,Canada,68.35805511,-133.7236176,Mountain Standard Time
Iqaluit,-5,Canada,63.74139023,-68.50971985,Eastern Standard Time
Iraklion,2,Greece,35.32027817,25.14361191,FLE Standard Time
Irkutsk,8,Russia,52.26638794,104.3330536,Ikrutsk Standard Time
Irvine,-8,United States,33.67139053,-117.7913895,Pacific Standard Time
Islamabad,5,Pakistan,33.66666794,73.13305664,Pakistan Standard Time
Istanbul,2,Turkey,41.01638794,28.95000076,Turkey Standard Time
Itahari,5.75,Nepal,26.66666603,87.28360748,Nepal Standard Time
Ivalo,2,Finland,68.65000153,27.58333397,FLE Standard Time
Ivanovo,3,Russia,57.01666641,41.01666641,Russian Standard Time
Ixtapa,-6,Mexico,17.65333366,-101.5972214,Mexico Standard Time
Izhevsk,4,Russia,56.84972382,53.23333359,Samara Standard Time
Izmir,2,Turkey,38.42388916,27.1427784,Turkey Standard Time
Jackson,-6,United States,32.29999924,-90.18333435,Central Standard Time
Jacksonville,-5,United States,30.33333397,-81.65000153,Eastern Standard Time
Jacobabad,5,Pakistan,28.2761116,68.43416595,Pakistan Standard Time
Jaen,1,Spain,37.76583481,-3.789444447,Romance Standard Time
Jaipur,5.5,India,26.89999962,75.80000305,India Standard Time
Jakarta,7,Indonesia,-6.1743927,106.8294067,SE Asia Standard Time
Jamestown,0,Saint Helena,-15.91666698,-5.699999809,Greenwich Standard Time
Jammu,5.5,India,32.70888901,74.85250092,India Standard Time
Jamshedpur,5.5,India,22.77861023,86.20888519,India Standard Time
Jasper,-7,Canada,52.87916565,-118.0802765,Mountain Standard Time
Jeddah,3,Saudi Arabia,21.54361153,39.17305374,Arab Standard Time
Jefferson City,-6,United States,38.57666779,-92.1736145,Central Standard Time
Jersey City,-5,United States,40.72805405,-74.07777405,Eastern Standard Time
Jerusalem,2,Israel,31.76666641,35.23333359,Israel Standard Time
Jeypore,5.5,India,18.85805511,82.5708313,India Standard Time
Jijel,1,Algeria,36.82055,5.76671,W. Central Africa Standard Time
Jilin,8,China,43.84999847,126.5666656,China Standard Time
Jinan,8,China,36.65000153,116.9666672,China Standard Time
Jinzhou,8,China,39.10027695,121.7191696,China Standard Time
Joao Pessoa,-3,Brazil,-7.13166666,-34.85388947,SA Eastern Standard Time
Johannesburg,2,South Africa,-26.25,28,South Africa Standard Time
Juba,3,South Sudan,4.864999771,31.60027695,E. Africa Standard Time
Jujuy,-3,Argentina,-24.1977787,-65.30083466,SA Eastern Standard Time
Kabardinka,3,Russia,44.65000153,37.95000076,Russian Standard Time
Kabul,4.5,Afghanistan,34.51666641,69.18333435,Afghanistan Standard Time
Kaduna,1,Nigeria,10.51666641,7.433333397,W. Central Africa Standard Time
Kagoshima,9,Japan,31.56666756,130.5500031,Tokyo Standard Time
Kaikoura,12,New Zealand,-42.40222168,173.6805573,New Zealand Standard Time
Kairouan,1,Tunisia,35.66944504,10.09222221,W. Central Africa Standard Time
Kaliningrad,2,Russia,54.70000076,20.5,Kaliningrad Standard Time
Kalmar,1,Sweden,56.66666794,16.36666679,W. Europe Standard Time
Kalutara,5.5,Sri Lanka,6.589444637,79.98083496,India Standard Time
Kamloops,-8,Canada,50.67666626,-120.3388901,Pacific Standard Time
Kampala,3,Uganda,0.316666663,32.58333206,E. Africa Standard Time
Kamuela,-10,United States,20.0205555,-155.6688843,Hawaiian Standard Time
Kandahar,4.5,Afghanistan,31.61083412,65.70027924,Afghanistan Standard Time
Kandy,5.5,Sri Lanka,7.284444332,80.63749695,India Standard Time
Kanpur,5.5,India,26.45000076,80.31666565,India Standard Time
Kansas City,-6,United States,39.09972382,-94.58333588,Central Standard Time
Kanyakumari,5.5,India,8.084166527,77.54194641,India Standard Time
Karachi,5,Pakistan,24.86666679,67.05000305,Pakistan Standard Time
Karlovy Vary,1,Czech Republic,50.23222351,12.87138844,Central Europe Standard Time
Karlstad,1,Sweden,59.38333511,13.51666641,W. Europe Standard Time
Kasaragod,5.5,India,12.5,74.98332977,India Standard Time
Kasauli,5.5,India,30.89972305,76.96722412,India Standard Time
Kathmandu,5.75,Nepal,27.70000076,85.31658936,Nepal Standard Time
Kaunas,2,Lithuania,54.90000153,23.89999962,FLE Standard Time
Kawasaki,9,Japan,35.52416611,139.7141724,Tokyo Standard Time
Kazan,3,Russia,55.75,49.13333511,Russian Standard Time
Keel,0,Ireland,53.97583389,-10.08388901,GMT Standard Time
Kelowna,-8,Canada,49.88360977,-119.4936142,Pacific Standard Time
Kemerovo,7,Russia,55.37138748,86.05249786,Kemerovo Standard Time
Kendari,8,Indonesia,-3.968611002,122.5211105,Singapore Standard Time
Kenitra,0,Morocco,34.26101,-6.5802,Morocco Standard Time
Kerikeri,12,New Zealand,-35.22444534,173.9513855,New Zealand Standard Time
Khabarovsk,10,Russia,48.41666794,135.1166687,Khabarovsk Standard Time
Kharkov,2,Ukraine,49.99361038,36.23027802,Ukraine Standard Time
Khartoum,3,Sudan,15.58333302,32.53333282,E. Africa Standard Time
Kiel,1,Germany,54.33333206,10.11666679,W. Europe Standard Time
Kiev,2,Ukraine,50.43305588,30.51666641,Ukraine Standard Time
Kigali,2,Rwanda,-1.950000048,30.06666756,South Africa Standard Time
Killarney,0,Ireland,52.06666565,-9.516666412,GMT Standard Time
Kimberley,2,South Africa,-28.74333382,24.76250076,South Africa Standard Time
Kingston,-5,Canada,44.23333359,-76.5,Eastern Standard Time
Kingston,-5,Jamaica,17.96666718,-75.19999695,SA Pacific Standard Time
Kingston Norfolk Island,11,Australia,-29.04999924,167.9333344,Norfolk Island Standard Time
Kingstown,-4,Saint Vincent and the Grenadines,13.19999981,-61.26666641,SA Western Standard Time
Kinshasa,1,Congo Democratic Republic of the,-4.316666603,15.30000019,W. Central Africa Standard Time
Kiruna,1,Sweden,67.84999847,20.26666641,W. Europe Standard Time
Kitchener,-5,Canada,43.45000076,-80.5,Eastern Standard Time
Knysna,2,South Africa,-34.06472397,23.08194351,South Africa Standard Time
Kochi,5.5,India,10.01666641,76.21666718,India Standard Time
Kodaikanal,5.5,India,10.23555565,77.48750305,India Standard Time
Kolhapur,5.5,India,16.6977787,74.22638702,India Standard Time
Kolkata,5.5,India,22.53333282,88.36959839,India Standard Time
Koloa,-10,United States,21.9066658,-159.469162,Hawaiian Standard Time
Kolobrzeg,1,Poland,54.18166733,15.56972218,Central European Standard Time
Kolomna,3,Russia,55.08694458,38.77777863,Russian Standard Time
Kolonia,11,Micronesia Federated States of,6.960833549,158.2088928,Central Pacific Standard Time
Konark,5.5,India,19.89999962,86.19999695,India Standard Time
Kone,11,New Caledonia,-21.06388855,164.8536072,Central Pacific Standard Time
Konin,1,Poland,52.22305679,18.25111198,Central European Standard Time
Koror,9,Palau,7.349999905,134.4833374,Tokyo Standard Time
Kos,2,Greece,36.89749908,27.28611183,FLE Standard Time
Kosciusko,-6,United States,33.04999924,-89.58333588,Central Standard Time
Kostroma,3,Russia,57.76666641,40.95000076,Russian Standard Time
Kota Kinabalu,8,Malaysia,5.976388931,116.1158371,Singapore Standard Time
Kotka,2,Finland,60.46666718,26.93333244,FLE Standard Time
Kotor,1,Montenegro,42.41916656,18.76749992,Central Europe Standard Time
Kovrov,3,Russia,56.36666489,41.33333206,Russian Standard Time
Kowloon,8,China,22.29999924,114.1833344,China Standard Time
Krakow,1,Poland,50.05527878,19.92749977,Central European Standard Time
Krasnoyarsk,7,Russia,56.00833511,92.76667023,Krasnoyarsk Standard Time
Kristiansand,1,Norway,58.15000153,8,W. Europe Standard Time
Kristianstad,1,Sweden,56.03333282,14.16666698,W. Europe Standard Time
Kronstadt,3,Russia,59.98333359,29.78333282,Russian Standard Time
Kuala Lumpur,8,Malaysia,3.166702271,101.7000122,Singapore Standard Time
Kuching,8,Malaysia,1.530833364,110.3441696,Singapore Standard Time
Kulusuk,-3,Greenland,65.5680542,-37.1875,Greenland Standard Time
Kumanovo,1,Macedonia,42.1305542,21.7211113,Central European Standard Time
Kumbakonam,5.5,India,10.96666622,79.3833313,India Standard Time
Kungur,5,Russia,57.43333435,56.95000076,Ekaterinburg Standard Time
Kunming,8,China,25.06666756,102.6833344,China Standard Time
Kupang,8,Indonesia,-10.16666698,123.5833359,Singapore Standard Time
Kurgan,5,Russia,55.45360947,65.34222412,Ekaterinburg Standard Time
Kursk,3,Russia,51.73333359,36.16666412,Russian Standard Time
Kurunegala,5.5,Sri Lanka,7.483333111,80.3666687,India Standard Time
Kuwait,3,Kuwait,29.33333397,48,Arab Standard Time
Kyaikto,6.5,Burma,17.30861092,97.01860809,Myanmar Standard Time
Kyoto,9,Japan,35.01666641,135.75,Tokyo Standard Time
La Jolla,-8,United States,32.84749985,-117.2747192,Pacific Standard Time
La Libertad,-6,El Salvador,13.5666666,-89.28333282,Central America Standard Time
La Paz,-4,Bolivia,-16.04999924,-68.01499939,SA Western Standard Time
La Paz,-7,Mexico,24.13861084,-110.3174973,Mexico Standard Time 2
La Rioja,-3,Argentina,-29.41277695,-66.85472107,SA Eastern Standard Time
La Union,-6,El Salvador,13.33333302,-87.84999847,Central America Standard Time
Laayoune,0,Western Sahara,27.1418,-13.18797,GMT Standard Time
Labuan,8,Malaysia,5.291388988,115.2458344,Singapore Standard Time
Lafayette,-6,United States,30.22416687,-92.01972198,Central Standard Time
Lagos,1,Nigeria,6.449999809,3.466666698,W. Central Africa Standard Time
Lahore,5,Pakistan,31.54500008,74.34055328,Pakistan Standard Time
Lakeland,-5,United States,28.03944397,-81.94972229,Eastern Standard Time
Langkawi,8,Malaysia,6.324166775,99.85083008,Singapore Standard Time
Lansing,-5,United States,42.73361206,-84.54666901,Eastern Standard Time
Lanzhou,8,China,36.06666565,103.75,China Standard Time
Larache,0,Morocco,35.19321,-6.15572,Morocco Standard Time
Las Varas,-7,Mexico,21.17861176,-105.1355591,Mexico Standard Time 2
Las Vegas,-8,United States,36.23305511,-115.246666,Pacific Standard Time
Latakia,2,Syria,35.52138901,35.79249954,Syria Standard Time
Launceston,10,Australia,-41.45000076,147.1333313,Tasmania Standard Time
Laupahoehoe,-10,United States,19.98472214,-155.2361145,Hawaiian Standard Time
Le Havre,1,France,49.5,0.13333334,Romance Standard Time
Leeds,0,United Kingdom,53.81666565,-1.5,GMT Standard Time
Leicester,0,United Kingdom,52.63333511,-1.133333325,GMT Standard Time
Leipzig,1,Germany,51.34999847,12.39999962,W. Europe Standard Time
Leixlip,0,Ireland,53.36694336,-6.488888741,GMT Standard Time
Leon,-6,Mexico,21.12361145,-101.6805573,Mexico Standard Time
Leon,1,Spain,42.59999847,-5.566666603,Romance Standard Time
Lexington,-5,United States,38.0316658,-84.4952774,Eastern Standard Time
Libreville,1,Gabon,0.5,9.416666985,W. Central Africa Standard Time
Lille,1,France,50.63333511,3.066666603,Romance Standard Time
Lilongwe,2,Malawi,-13.98333359,33.76666641,South Africa Standard Time
Lima,-5,Peru,-12.05000019,-77.05000305,SA Pacific Standard Time
Limassol,2,Cyprus,35,33,FLE Standard Time
Limerick,0,Ireland,52.66666794,-8.633333206,GMT Standard Time
Limoux,1,France,43.05444336,2.221388817,Romance Standard Time
Lincoln,-6,United States,40.81361008,-96.70249939,Central Standard Time
Linkoping,1,Sweden,58.41583252,15.62555599,W. Europe Standard Time
Lipetsk,3,Russia,52.61666489,39.56666565,Russian Standard Time
Lisbon,0,Portugal,38.71666718,-9.133333206,GMT Standard Time
Lismore,10,Australia,-28.8125,153.2786102,AUS Eastern Standard Time
Little Rock,-6,United States,34.72444534,-92.27889252,Central Standard Time
Liverpool,0,United Kingdom,53.41666794,-2.966666698,GMT Standard Time
Ljubljana,1,Slovenia,46.04999924,14.5144043,Central Europe Standard Time
Lome,0,Togo,6.166666508,1.350000024,Greenwich Standard Time
London,0,United Kingdom,51.46666718,0.300000012,GMT Standard Time
Long Beach,-8,United States,33.78972244,-118.151947,Pacific Standard Time
Long Branch,-5,United States,40.29583359,-73.99055481,Eastern Standard Time
Longyearbyen,1,Svalbard,78.21666718,15.64999962,W. Europe Standard Time
Los Angeles,-8,United States,34.05222321,-118.2433319,Pacific Standard Time
Los Mochis,-7,Mexico,25.79166603,-108.9872208,Mexico Standard Time 2
Louisville,-5,United States,38.25,-85.76667023,Eastern Standard Time
Luancheng,8,China,37.88333511,114.6500015,China Standard Time
Luanda,1,Angola,-7.166666508,13.33333302,W. Central Africa Standard Time
Lubbock,-6,United States,33.57777786,-101.855278,Central Standard Time
Luchegorsk,10,Russia,46.43333435,134.3000031,Vladivostok Standard Time
Lucknow,5.5,India,26.85000038,80.91666412,India Standard Time
Lugano,1,Switzerland,46.00333405,8.953332901,W. Europe Standard Time
Lugansk,2,Ukraine,48.55944443,39.29833221,Ukraine Standard Time
Lulea,1,Sweden,65.58333588,22.21666718,W. Europe Standard Time
Lumbini,5.75,Nepal,27.48749924,83.26305389,Nepal Standard Time
Lund,1,Sweden,55.70277786,13.19277763,W. Europe Standard Time
Lusaka,2,Zambia,-15.39999962,28.28333282,South Africa Standard Time
Luxembourg,1,Luxembourg,49.61666489,6.150000095,Romance Standard Time
Luxor,2,Egypt,25.7005558,32.63916779,Egypt Standard Time
Lviv,2,Ukraine,49.8330574,24,Ukraine Standard Time
Lyon,1,France,45.75777817,4.832221985,Romance Standard Time
Macapa,-3,Brazil,0.034444444,-51.06666565,SA Eastern Standard Time
Macau,8,China,22.20000076,113.5500031,China Standard Time
Mackay,10,Australia,-21.14999962,149.1833344,E. Australia Standard Time
Madikeri,5.5,India,12.41666603,75.75,India Standard Time
Madison,-6,United States,43.06305695,-89.40083313,Central Standard Time
Madrid,1,Spain,40.3999939,-3.683303833,Romance Standard Time
Madurai,5.5,India,9.916666985,78.1166687,India Standard Time
Magadan,10,Russia,59.56669617,150.7999878,Magadan Standard Time
Magdeburg,1,Germany,52.13333511,11.61666679,W. Europe Standard Time
Magnolia,-6,United States,30.20916748,-95.75055695,Central Standard Time
Mahabalipuram,5.5,India,12.61666679,80.19166565,India Standard Time
Mahdia,1,Tunisia,35.50249863,11.04583359,W. Central Africa Standard Time
Mainz,1,Germany,49.99499893,8.267499924,W. Europe Standard Time
Majuro,12,Marshall Islands,7.116666794,171.0666656,Marshall Islands Standard Time
Makassar,8,Indonesia,-5.151944637,119.4122238,Singapore Standard Time
Malabo,1,Equatorial Guinea,3.752064,8.783333778,W. Central Africa Standard Time
Malaga,1,Spain,36.71666718,-4.416666508,Romance Standard Time
Male,5,Maldives,4.166666508,73.5,West Asia Standard Time
Malmo,1,Sweden,55.60333252,13.00138855,W. Europe Standard Time
Mamoudzou,3,Mayotte,-12.78333378,45.21666718,E. Africa Standard Time
Managua,-6,Nicaragua,12.10000038,-85.69999695,Central America Standard Time
Manama,3,Bahrain,26.20000076,50.59999847,Arab Standard Time
Manaus,-4,Brazil,-3.116666555,-60.01666641,SA Western Standard Time
Manchester,0,United Kingdom,53.48333359,-2.266666651,GMT Standard Time
Mandalay,6.5,Burma,21.97500038,96.08333588,Myanmar Standard Time
Mandarmoni,5.5,India,21.65027809,87.65833282,India Standard Time
Mandurah,8,Australia,-32.53333282,115.75,W. Australia Standard Time
Mangalia,2,Romania,43.81666565,28.58333397,FLE Standard Time
Mangalore,5.5,India,12.86666679,74.84999847,India Standard Time
Manila,8,Philippines,14.58333302,121,Singapore Standard Time
Manisa,2,Turkey,38.6222229,27.42972183,Turkey Standard Time
Mannheim,1,Germany,49.48472214,8.476666451,W. Europe Standard Time
Manzanillo,-5,Cuba,20.35000038,-77.1166687,Cuba Standard Time
Manzanillo,-6,Mexico,19.05055618,-104.3172226,Mexico Standard Time
Maputo,2,Mozambique,-25.96666718,32.53333282,South Africa Standard Time
Maram Bazar,5.5,India,25.47555542,94.13694763,India Standard Time
Marawi,8,Philippines,8.002778053,124.2919464,Singapore Standard Time
Marmaris,2,Turkey,36.85472107,28.27083397,Turkey Standard Time
Marrakech,0,Morocco,31.63333321,-8,Morocco Standard Time
Marseille,1,France,43.28333282,5.383333206,Romance Standard Time
Masafi,4,United Arab Emirates,25.30333328,56.16472244,Arabian Standard Time
Maseru,2,Lesotho,-29.29999924,27.48333359,South Africa Standard Time
Masohi,9,Indonesia,-3.340277672,128.9236145,Tokyo Standard Time
Matale,5.5,Sri Lanka,7.466666698,80.6166687,India Standard Time
Matamoros,-6,Mexico,25.86111069,-97.50222015,Central Standard Time
Mataram,8,Indonesia,-8.581944466,116.1069412,Singapore Standard Time
Mata-Utu,12,Wallis and Futuna,-13.30000019,-176.1666718,Marshall Islands Standard Time
Mathura,5.5,India,27.49250031,77.6736145,India Standard Time
Mazari Sharif,4.5,Afghanistan,36.70750046,67.10805511,Afghanistan Standard Time
Mazatlan,-7,Mexico,23.21666718,-106.4166641,Mexico Standard Time 2
Mbabane,2,Swaziland,-26.31666756,31.14999962,South Africa Standard Time
Mbour,0,Senegal,14.41666698,-16.96666718,Greenwich Standard Time
Mdina,1,Malta,35.88583374,14.40166664,W. Europe Standard Time
Mecca,3,Saudi Arabia,21.41666603,39.81666565,Arab Standard Time
Medan,7,Indonesia,3.583333254,98.68333435,SE Asia Standard Time
Medellin,-5,Colombia,6.235833168,-75.57527924,SA Pacific Standard Time
Medina,3,Saudi Arabia,24.4608326,39.6202774,Arab Standard Time
Melaque,-6,Mexico,19.22527695,-104.7038879,Mexico Standard Time
Melbourne,10,Australia,-37.81669617,144.9667053,AUS Eastern Standard Time
Melbourne,-5,United States,28.08333397,-80.59999847,Eastern Standard Time
Memphis,-6,United States,35.15000153,-90.05000305,Central Standard Time
Mendoza,-3,Argentina,-32.88249969,-68.81639099,SA Eastern Standard Time
Menlo Park,-8,United States,37.45388794,-122.1811142,Pacific Standard Time
Merida,-6,Mexico,20.97972298,-89.6158371,Mexico Standard Time
Mexicali,-8,Mexico,32.65000153,-115.4666672,Pacific Standard Time
Mexico City,-6,Mexico,19.43305588,-99.13305664,Mexico Standard Time
Miami,-5,United States,25.77416611,-80.1902771,Eastern Standard Time
Milan,1,Italy,45.46666718,9.183333397,W. Europe Standard Time
Mill Valley,-8,United States,37.90611267,-122.5449982,Pacific Standard Time
Milwaukee,-6,United States,43.03333282,-87.90000153,Central Standard Time
Minneapolis,-6,United States,44.97750092,-93.26444244,Central Standard Time
Minsk,3,Belarus,53.89999008,27.56669044,Belarus Standard Time
Miramar,-5,United States,25.97861099,-80.33361053,Eastern Standard Time
Mission ,-8,Canada,49.1333313,-122.3000031,Pacific Standard Time
Mississauga,-5,Canada,43.54861069,-79.62638855,Eastern Standard Time
Mo,1,Norway,66.33333588,14.1833334,W. Europe Standard Time
Mobile,-6,United States,30.69444466,-88.04305267,Central Standard Time
Mogadishu,3,Somalia,2.033333302,45.34999847,E. Africa Standard Time
Molalla,-8,United States,45.14749908,-122.5772247,Pacific Standard Time
Monaco,1,Monaco,43.73249817,7.418889046,Romance Standard Time
Monastir,1,Tunisia,35.78333282,10.83666706,W. Central Africa Standard Time
Moncton,-4,Canada,46.09444427,-64.77527618,Atlantic Standard Time
Monrovia,0,Liberia,6.300000191,-10.78333378,Greenwich Standard Time
Monte Carlo,1,Monaco,43.74055481,7.425555706,Romance Standard Time
Monterey,-8,United States,36.60027695,-121.894722,Pacific Standard Time
Monterrey,-6,Mexico,25.66670227,-100.3167038,Mexico Standard Time
Montevideo,-3,Uruguay,-34.90000153,-56.15000153,Uruguay Standard Time
Montgomery,-6,United States,32.37555695,-86.29972076,Central Standard Time
Montgomery,-6,United States,30.3880558,-95.69611359,Central Standard Time
Montpelier,-5,United States,44.26277924,-72.5716629,Eastern Standard Time
Montpellier,1,France,43.61666489,3.866666555,Romance Standard Time
Montpeyroux,1,France,43.69555664,3.505000114,Romance Standard Time
Montreal,-5,Canada,45.54555511,-73.63916779,Eastern Standard Time
Moroni,3,Comoros,-11.69999981,43.25,E. Africa Standard Time
Moscow,3,Russia,55.75219727,37.58333206,Russian Standard Time
Motul,-6,Mexico,21.09444427,-89.28360748,Mexico Standard Time
Mount Hagen,10,Papua New Guinea,-5.864722252,144.2200012,West Pacific Standard Time
Mount Shasta City,-8,United States,41.31000137,-122.3105545,Pacific Standard Time
Mountain View,-8,United States,37.38333511,-122.0833359,Pacific Standard Time
M'sila,1,Algeria,35.70583,4.54194,W. Central Africa Standard Time
Mudumalai,5.5,India,11.57638931,76.58305359,India Standard Time
Mukachevo,2,Ukraine,48.45000076,22.71666718,Ukraine Standard Time
Multan,5,Pakistan,30.1902771,71.45805359,Pakistan Standard Time
Mumbai,5.5,India,18.93333244,72.84999847,India Standard Time
Munich,1,Germany,48.13333511,11.58333302,W. Europe Standard Time
Munnar,5.5,India,10.08472252,77.06138611,India Standard Time
Murmansk,3,Russia,68.98332977,33.13333511,Russian Standard Time
Murom,3,Russia,55.56666565,42.01666641,Russian Standard Time
Murree,5,Pakistan,33.90638733,73.39389038,Pakistan Standard Time
Muscat,4,Oman,23.60000038,58.58333206,Arabian Standard Time
Myrtle Beach,-5,United States,33.69666672,-78.89416504,Eastern Standard Time
Mysore,5.5,India,12.29583359,76.63944244,India Standard Time
Nabeul,1,Tunisia,36.45444489,10.73444462,W. Central Africa Standard Time
Nadiad,5.5,India,22.70000076,72.87000275,India Standard Time
Nagasaki,9,Japan,32.76666641,129.8666687,Tokyo Standard Time
Nagoya,9,Japan,35.15000153,136.9166718,Tokyo Standard Time
Nagpur,5.5,India,21.1558342,79.08916473,India Standard Time
Naha,9,Japan,26.20472145,127.6924973,Tokyo Standard Time
Nairobi,3,Kenya,-1.283290029,36.81669617,E. Africa Standard Time
Nakhodka,10,Russia,42.81638718,132.8666687,Vladivostok Standard Time
Nanaimo ,-8,Canada,49.16444397,-123.9366684,Pacific Standard Time
Nanjing,8,China,32.04999924,118.7833328,China Standard Time
Nantes,1,France,47.21666718,-1.566666722,Romance Standard Time
Napier,12,New Zealand,-39.50500107,176.8997192,New Zealand Standard Time
Naples,1,Italy,40.84000015,14.25277805,W. Europe Standard Time
Narvik,1,Norway,68.44999695,17.43333244,W. Europe Standard Time
Nashville,-6,United States,36.16666794,-86.78333282,Central Standard Time
Nassau,-5,Bahamas,25.06666756,-77.33333588,Eastern Standard Time
Navasota,-6,United States,30.38333321,-96.08333588,Central Standard Time
Navi Mumbai,5.5,India,19.03305626,73.02972412,India Standard Time
N'Djamena,1,Chad,12.10000038,15.05000019,W. Central Africa Standard Time
Negombo,5.5,Sri Lanka,7.209444523,79.83416748,India Standard Time
Neuquen,-3,Argentina,-38.95000076,-68.06666565,SA Eastern Standard Time
New Delhi,5.5,India,28.61666679,77.21670532,India Standard Time
New Orleans,-6,United States,29.9533329,-90.0688858,Central Standard Time
New Ross,0,Ireland,52.40000153,-6.949999809,GMT Standard Time
New Westminster ,-8,Canada,49.20360947,-122.9147186,Pacific Standard Time
New York,-5,United States,40.73333359,-73.91638947,Eastern Standard Time
Newark,-5,United States,40.73555374,-74.17250061,Eastern Standard Time
Newcastle,10,Australia,-32.92638779,151.7811127,AUS Eastern Standard Time
Newcastle upon Tyne,0,United Kingdom,54.97583389,-1.610277772,GMT Standard Time
Newport,0,United Kingdom,51.59999847,-2.983333349,GMT Standard Time
Niagara Falls,-5,Canada,43.09999847,-79.09999847,Eastern Standard Time
Niagara Falls,-5,United States,43.09999847,-79.05000305,Eastern Standard Time
Niamey,1,Niger,13.51666641,2.116666555,W. Central Africa Standard Time
Nice,1,France,43.70000076,7.266666889,Romance Standard Time
Nicosia,2,Cyprus,35.16666794,33.36666489,FLE Standard Time
Niigata,9,Japan,37.91666794,139.0500031,Tokyo Standard Time
Nikolaev,2,Ukraine,46.96666718,32.01638794,Ukraine Standard Time
Nimes,1,France,43.84999847,4.349999905,Romance Standard Time
Ningbo,8,China,29.86833382,121.5438919,China Standard Time
Nizhniy Novgorod,3,Russia,56.28333282,43.93333435,Russian Standard Time
Nogales,-7,Mexico,31.33083344,-110.944725,US Mountain Standard Time
Nome,-9,United States,64.53305817,-164.6000061,Alaskan Standard Time
Norfolk,-5,United States,36.84999847,-76.28333282,Eastern Standard Time
North Bay,-5,Canada,46.31916809,-79.43416595,Eastern Standard Time
North Bend,-8,United States,43.40638733,-124.2244415,Pacific Standard Time
North Ryde,10,Australia,-33.79666519,151.1244507,AUS Eastern Standard Time
Norwich,0,United Kingdom,52.65000153,1.283333302,GMT Standard Time
Nouakchott,0,Mauritania,18.08333397,-15.98333359,Greenwich Standard Time
Noumea,11,New Caledonia,-22.26666641,166.4499969,Central Pacific Standard Time
Novgorod,3,Russia,58.54999924,31.28333282,Russian Standard Time
Novorossiysk,3,Russia,44.71666718,37.78333282,Russian Standard Time
Novosibirsk,6,Russia,55.04110718,82.91666412,Novosibirsk Standard Time
Nuevo Laredo,-6,Mexico,27.48111153,-99.5605545,Central Standard Time
Nuku'alofa,13,Tonga,-21.01666641,-174,Tonga Standard Time
Nurnberg,1,Germany,49.45000076,11.0666666,W. Europe Standard Time
Nuuk,-3,Greenland,64.18333435,-51.71666718,Greenland Standard Time
Ocala,-5,United States,29.18777847,-82.1305542,Eastern Standard Time
Odense,1,Denmark,55.39638901,10.3908329,Romance Standard Time
Odessa,2,Ukraine,46.46666718,30.71666718,Ukraine Standard Time
Ohrid,1,Macedonia,41.12166595,20.81944466,Central European Standard Time
Ojinaga,-6,Mexico,29.55583382,-104.417778,Central Standard Time
Okara,5,Pakistan,30.80138969,73.44833374,Pakistan Standard Time
Okha,10,Russia,53.5830574,142.9333344,Sakhalin Standard Time
Okhotsk,10,Russia,59.34999847,143.1999969,Khabarovsk Standard Time
Okinawa,9,Japan,26.33888817,127.8155518,Tokyo Standard Time
Oklahoma City,-6,United States,35.46666718,-97.51667023,Central Standard Time
Olanchito,-6,Honduras,15.48333359,-86.56639099,Central America Standard Time
Olinda,-3,Brazil,-8,-34.84999847,SA Eastern Standard Time
Olympia,-8,United States,47.04499817,-122.9016647,Pacific Standard Time
Omaha,-6,United States,41.25972366,-95.9422226,Central Standard Time
Omsk,6,Russia,55.06666565,73.25,Novosibirsk Standard Time
Onitsha,1,Nigeria,6.166666508,6.783333302,W. Central Africa Standard Time
Ootacamund,5.5,India,11.41166687,76.69472504,India Standard Time
Oradea,2,Romania,47.04999924,21.93333244,FLE Standard Time
Oran,1,Algeria,35.69111,-0.64167,W. Central Africa Standard Time
Orange,10,Australia,-33.2836113,149.1000061,AUS Eastern Standard Time
Oranjestad,-4,Aruba,12.52444458,-70.02639008,SA Western Standard Time
Orlando,-5,United States,28.53305626,-81.38305664,Eastern Standard Time
Osaka,9,Japan,34.66670227,135.5,Tokyo Standard Time
Oshawa,-5,Canada,43.88999939,-78.86000061,Eastern Standard Time
Oslo,1,Norway,59.93333435,10.6833334,W. Europe Standard Time
Ostrov,3,Russia,57.34999847,28.31666756,Russian Standard Time
Ottawa,-5,Canada,45.42361069,-75.69805908,Eastern Standard Time
Ouagadougou,0,Burkina Faso,12.36666679,-1.533333302,Greenwich Standard Time
Ouargla,1,Algeria,31.94932,5.32502,W. Central Africa Standard Time
Oulu,2,Finland,65.01667023,25.46666718,FLE Standard Time
Oviedo,1,Spain,43.36666489,-5.849999905,Romance Standard Time
Padang,7,Indonesia,-0.949999988,100.3499985,SE Asia Standard Time
Pahoa,-10,United States,19.49749947,-154.9508362,Hawaiian Standard Time
Palembang,7,Indonesia,-2.983333349,104.75,SE Asia Standard Time
Palikir,11,Micronesia Federated States of,6.916666508,158.1833344,Central Pacific Standard Time
Palma,1,Spain,39.59999847,2.650000095,Romance Standard Time
Palmas,-3,Brazil,-10.16888905,-48.33166504,Bahia Brazil Standard Time
Palo Alto,-8,United States,37.45000076,-122.1500015,Pacific Standard Time
Panaji,5.5,India,15.49222183,73.81833649,India Standard Time
Panama City,-5,Panama,8.94972229,-78.5,SA Pacific Standard Time
Pangkor,8,Malaysia,4.212777615,100.5680542,Singapore Standard Time
Papeete,-10,French Polynesia,-17.53333282,-149.5666656,Hawaiian Standard Time
Paramaribo,-3,Suriname,5.816666603,-55.16666794,SA Eastern Standard Time
Paraparaumu,12,New Zealand,-40.91361237,175.0088959,New Zealand Standard Time
Paris,1,France,48.86669922,2.333297729,Romance Standard Time
Parsippany,-5,United States,40.85777664,-74.42694092,Eastern Standard Time
Patna,5.5,India,25.61388969,85.13527679,India Standard Time
Patras,2,Greece,38.25361252,21.73638916,FLE Standard Time
Pearl,-6,United States,32.27444458,-90.13194275,Central Standard Time
Pedro Juan Caballero,-4,Paraguay,-22.53333282,-55.75,Paraguay Standard Time
Pensacola,-6,United States,30.4738884,-87.21221924,Central Standard Time
Penza,3,Russia,53.20000076,45,Russian Standard Time
Perm,5,Russia,58,56.25,Ekaterinburg Standard Time
Perth,8,Australia,-31.96666718,115.8166656,W. Australia Standard Time
Peshawar,5,Pakistan,34.00416565,71.54472351,Pakistan Standard Time
Peterhof,3,Russia,59.86666489,29.91666603,Russian Standard Time
Petropavlovsk,12,Russia,53.01638794,158.6497192,Petropavlovsk Standard Time
Petropolis,-3,Brazil,-22.5047226,-43.18222046,E. South America Standard Time
Philadelphia,-5,United States,39.95166779,-75.16388702,Eastern Standard Time
Philipsburg,-4,Sint Maarten,18.02916718,-63.04750061,SA Western Standard Time
Phnom Penh,7,Cambodia,11.5666666,104.9166641,SE Asia Standard Time
Phoenix,-7,United States,33.45000076,-112.066391,US Mountain Standard Time
Phuket,7,Thailand,7.883333206,98.3833313,SE Asia Standard Time
Pickering,-5,Canada,43.83805466,-79.08361053,Eastern Standard Time
Piedras Negras,-6,Mexico,28.6977787,-100.5247192,Central Standard Time
Pierre,-6,United States,44.37749863,-100.3177795,Central Standard Time
Piestany,1,Slovakia,48.59999847,17.81666756,Central Europe Standard Time
Pirot,1,Serbia,43.16638947,22.60138893,Central Europe Standard Time
Pisa,1,Italy,43.71611023,10.39666653,W. Europe Standard Time
Pittsburgh,-5,United States,40.4383316,-80.0019455,Eastern Standard Time
Piura,-5,Peru,-5.193611145,-80.62472534,SA Pacific Standard Time
Playa del Carmen,-5,Mexico,20.62861061,-87.07971954,"Quintana Roo, Mexico"
Plymouth,0,United Kingdom,50.40000153,-4.166666508,GMT Standard Time
Podgorica,1,Montenegro,42.44250107,19.26861191,Central Europe Standard Time
Point Pleasant Beach,-5,United States,40.09166718,-74.04972076,Eastern Standard Time
Polonnaruwa,5.5,Sri Lanka,7.932777882,81.00805664,India Standard Time
Pomalaa,8,Indonesia,-4.053333282,121.5958328,Singapore Standard Time
Ponta Delgada,-1,Portugal,37.75,-25.66666603,Azores Standard Time
Poole,0,United Kingdom,50.71500015,-1.987222195,GMT Standard Time
Porbandar,5.5,India,21.64333344,69.61194611,India Standard Time
Porirua,12,New Zealand,-41.13416672,174.8413849,New Zealand Standard Time
Port Angeles,-8,United States,48.11583328,-123.4608307,Pacific Standard Time
Port Arthur,10,Australia,-43.15000153,147.8500061,Tasmania Standard Time
Port Elizabeth,2,South Africa,-33.96666718,25.58333397,South Africa Standard Time
Port Harcourt,1,Nigeria,4.716666698,7,W. Central Africa Standard Time
Port Hedland,8,Australia,-20.31666756,118.5999985,W. Australia Standard Time
Port Louis,4,Mauritius,-20.16194534,57.49888992,Mauritius Standard Time
Port Moresby,10,Papua New Guinea,-9.464706421,147.1925049,West Pacific Standard Time
Port of Spain,-4,Trinidad and Tobago,10.66666698,-61.5,SA Western Standard Time
Port Orange,-5,United States,29.13333321,-81,Eastern Standard Time
Port Vila,11,Vanuatu,-17.73333359,168.3166656,Central Pacific Standard Time
Port-au-Prince,-5,Haiti,18.53305626,-72.33333588,Haiti Standard Time
Portland,-8,United States,45.5233345,-122.6699982,Pacific Standard Time
Porto,0,Portugal,41.16666794,-8.583333015,GMT Standard Time
Porto Alegre,-3,Brazil,-30.03333282,-51.20000076,E. South America Standard Time
Porto Novo,1,Benin,6.483333111,2.633333445,W. Central Africa Standard Time
Portsmouth,0,United Kingdom,50.81666565,-1.083333373,GMT Standard Time
Posadas,-3,Argentina,-27.39972305,-55.90000153,Argentina Standard Time
Prague,1,Czech Republic,50.08333206,14.4333334,Central Europe Standard Time
Praia,-1,Cape Verde,14.91666698,-23.51666641,Cape Verde Standard Time
Prievidza,1,Slovakia,48.77083206,18.62083244,Central Europe Standard Time
Prince George ,-8,Canada,53.91722107,-122.7497253,Pacific Standard Time
Princeton,-5,United States,40.34972382,-74.65972137,Eastern Standard Time
Pristina,1,Kosovo,42.67416763,21.17888832,Central Europe Standard Time
Progreso,-6,Mexico,21.28000069,-89.66999817,Mexico Standard Time
Pskov,3,Russia,57.81666565,28.35000038,Russian Standard Time
Puebla,-6,Mexico,19.04999924,-98.16666412,Mexico Standard Time
Puerto Ayora,-6,Ecuador,-0.745277762,-90.31361389,Central America Standard Time
Puerto Baquerizo Moreno,-6,Ecuador,-0.901388884,-89.61055756,Central America Standard Time
Puerto Penasco,-7,Mexico,31.31805611,-113.5366669,US Mountain Standard Time
Puerto Plata,-4,Dominican Republic,19.7966671,-70.69249725,SA Western Standard Time
Puerto Vallarta,-6,Mexico,20.65083313,-105.2152786,Mexico Standard Time
Pune,5.5,India,18.53333282,73.8666687,India Standard Time
Puri,5.5,India,19.79916573,85.82499695,India Standard Time
Puttgarden,1,Germany,54.49611282,11.21249962,W. Europe Standard Time
Pyongyang,8.5,Korea North,39,125.7830582,North Korea Standard Time
Qatif,3,Saudi Arabia,26.66666603,49.96222305,Arab Standard Time
Qingdao,8,China,36.08333206,120.3333359,China Standard Time
Quartzsite,-7,United States,33.66388702,-114.2300034,US Mountain Standard Time
Quebec City,-5,Canada,46.8125,-71.21472168,Eastern Standard Time
Quetta,5,Pakistan,30.20999908,67.02249908,Pakistan Standard Time
Quezaltenango,-6,Guatemala,14.83333302,-91.51667023,Guatemala Standard Time
Quito,-5,Ecuador,-0.216705322,-78.5,SA Pacific Standard Time
Rabat,0,Morocco,34.03305435,-5.150000095,Morocco Standard Time
Rahim Yar Khan,5,Pakistan,28.41666603,70.29972076,Pakistan Standard Time
Rajahmundry,5.5,India,17.0102787,81.78778076,India Standard Time
Raleigh,-5,United States,35.77972412,-78.64333344,Eastern Standard Time
Ramstein,1,Germany,49.45000076,7.550000191,W. Europe Standard Time
Ranchi,5.5,India,23.35861206,85.33388519,India Standard Time
Rangoon,6.5,Burma,16.78333282,96.16666412,Myanmar Standard Time
Rapallo,1,Italy,44.34999847,9.233888626,W. Europe Standard Time
Ras Al Khaimah,4,United Arab Emirates,25.78861046,55.94444275,Arabian Standard Time
Rawson,-3,Argentina,-43.29999924,-65.10028076,SA Eastern Standard Time
Reading,0,United Kingdom,51.45500183,-0.969166696,GMT Standard Time
Recife,-3,Brazil,-8.054166794,-34.8758316,SA Eastern Standard Time
Red Deer,-7,Canada,52.26805496,-113.8111115,Mountain Standard Time
Redmond,-8,United States,47.66666794,-122.1166687,Pacific Standard Time
Reghaia,1,Algeria,36.7631,3.3426,W. Central Africa Standard Time
Regina,-6,Canada,50.44722366,-104.6180573,Canada Central Standard Time
Reims,1,France,49.23333359,4.033333302,Romance Standard Time
Rennes,1,France,48.11666489,-1.683333278,Romance Standard Time
Reno,-8,United States,39.53027725,-119.8144455,Pacific Standard Time
Revelstoke ,-8,Canada,50.99694443,-118.1977768,Pacific Standard Time
Reykjavik,0,Iceland,64.15000153,-20.03333282,Greenwich Standard Time
Reynosa,-6,Mexico,26.06666756,-98.28305817,Central Standard Time
Rhodes,2,Greece,36.43361282,28.21999931,FLE Standard Time
Richmond,-5,United States,39.82888794,-84.89027405,Eastern Standard Time
Richmond,-5,United States,37.55361176,-77.46055603,Eastern Standard Time
Riga,2,Latvia,56.94998932,24.10000038,FLE Standard Time
Rio Branco,-5,Brazil,-9.973889351,-67.80750275,"Rio Branco, Brazil"
Rio Cuarto,-3,Argentina,-33.12805557,-64.35472107,Argentina Standard Time
Rio de Janeiro,-3,Brazil,-22.90361023,-43.20944595,E. South America Standard Time
Rio Gallegos,-3,Argentina,-51.61639023,-69.23305511,SA Eastern Standard Time
Rio Rancho,-7,United States,35.28610992,-106.6705551,Mountain Standard Time
Rivera,-3,Uruguay,-30.89999962,-55.54999924,Uruguay Standard Time
Riverton,-7,United States,40.52222061,-111.9388885,Mountain Standard Time
Riyadh,3,Saudi Arabia,24.63333321,46.71666718,Arab Standard Time
Road Town,-4,Virgin Islands British,18.43333244,-64.6166687,SA Western Standard Time
Rodby,1,Denmark,54.69583511,11.38611126,Romance Standard Time
Rome,1,Italy,41.89999008,12.48333359,W. Europe Standard Time
Rosario,-3,Argentina,-32.93333435,-60.66666794,Argentina Standard Time
Roseau,-4,Dominica,15.30000019,-61.38333511,SA Western Standard Time
Rostock,1,Germany,54.09999847,12.08333302,W. Europe Standard Time
Rostov na Donu,3,Russia,47.23333359,39.68333435,Russian Standard Time
Rotterdam,1,Netherlands,51.91666794,4.483333111,W. Europe Standard Time
Rouiba,1,Algeria,36.733333,3.283333,W. Central Africa Standard Time
Rovaniemi,2,Finland,66.49694824,25.72472191,FLE Standard Time
Russell Springs,-6,United States,37.05611038,-85.07194519,Central Standard Time
Ryazan,3,Russia,54.59999847,39.70000076,Russian Standard Time
Rybinsk,3,Russia,58.04999924,38.81666565,Russian Standard Time
Sacramento,-8,United States,38.57361221,-121.4872208,Pacific Standard Time
Saint George's,-4,Grenada,12.05000019,-61.75,SA Western Standard Time
Saint John,-4,Canada,45.27305603,-66.0633316,Atlantic Standard Time
Saint-Denis,4,Reunion,-20.88333321,55.45000076,Arabian Standard Time
Saint-Pierre,-3,Saint Pierre and Miquelon,46.78305435,-56.18333435,St Pierre and Miquelon Standard Time
Saipan,10,Northern Mariana Islands,15.1833334,145.75,West Pacific Standard Time
Salem,-8,United States,44.93694305,-123.0272217,Pacific Standard Time
Salt Lake City,-7,United States,40.77166748,-111.8880539,Mountain Standard Time
Salta,-3,Argentina,-24.7891674,-65.40805817,SA Eastern Standard Time
Salto,-3,Uruguay,-31.39999962,-57.96666718,Uruguay Standard Time
Salvador,-3,Brazil,-11.03333378,-37.51638794,Bahia Brazil Standard Time
Salzburg,1,Austria,47.90000153,13.05000019,W. Europe Standard Time
Samara,4,Russia,53.13333511,50.09972382,Samara Standard Time
Samsun,2,Turkey,41.29277802,36.33139038,Turkey Standard Time
San Antonio,-6,United States,29.42499924,-98.4936142,Central Standard Time
San Bruno,-8,United States,37.62749863,-122.4313889,Pacific Standard Time
San Carlos,-7,Mexico,27.96388817,-111.0436096,US Mountain Standard Time
San Carlos,-3,Uruguay,-34.79999924,-54.91666794,Uruguay Standard Time
San Diego,-8,United States,32.71888733,-117.163887,Pacific Standard Time
San Francisco,-8,United States,37.78305435,-122.4333344,Pacific Standard Time
San Isidro,-6,Costa Rica,9.368888855,-83.70694733,Central America Standard Time
San Jose,-6,Costa Rica,9.933333397,-84.08333588,Central America Standard Time
San Jose,-8,United States,37.33333206,-121.9000015,Pacific Standard Time
San Juan,-3,Argentina,-31.53444481,-68.52694702,SA Eastern Standard Time
San Juan,-4,Puerto Rico,18.43333244,-66.1333313,SA Western Standard Time
San Lorenzo,-3,Argentina,-32.75,-60.76638794,Argentina Standard Time
San Luis,-3,Argentina,-33.31583405,-66.34750366,Argentina - San Luis Standard Time
San Luis Obispo,-8,United States,35.28277588,-120.6586075,Pacific Standard Time
San Marino,1,San Marino,43.95000076,12.44999981,W. Europe Standard Time
San Mateo,-8,United States,37.56666565,-122.3333359,Pacific Standard Time
San Pedro Sula,-6,Honduras,15.5,-88.03305817,Central America Standard Time
San Salvador,-6,El Salvador,13.69999981,-89.19999695,Central America Standard Time
San Sebastian,1,Spain,43.31666565,-1.983333349,Romance Standard Time
San Sebastian del Oeste,-6,Mexico,20.76111031,-104.8527756,Mexico Standard Time
Sanaa,3,Yemen,15.35000038,44.20000076,Arab Standard Time
Santa Ana,-6,El Salvador,13.99611092,-89.55249786,Central America Standard Time
Santa Clara,-5,Cuba,22.41638947,-79.96666718,Cuba Standard Time
Santa Clara,-8,United States,37.34999847,-121.9499969,Pacific Standard Time
Santa Cruz,8,Philippines,13.48055553,122.0325012,Singapore Standard Time
Santa Cruz de Tenerife,0,Spain,28.46666718,-16.25,GMT Standard Time
Santa Fe,-3,Argentina,-31.61666679,-60.70000076,Argentina Standard Time
Santa Fe,-7,United States,35.68166733,-105.9380569,Mountain Standard Time
Santa Rosa,-3,Argentina,-36.62749863,-64.28778076,SA Eastern Standard Time
Santa Rosa,-6,Honduras,14.76638889,-88.78305817,Central America Standard Time
Santarem,-3,Brazil,-2.440555573,-54.69861221,SA Eastern Standard Time
Santiago,-3,Chile,-33.44999695,-70.66670227,Chile Standard Time
Santiago,-6,Mexico,25.42777824,-100.1508331,Mexico Standard Time
Santiago de Cuba,-5,Cuba,20.01638794,-75.81639099,Cuba Standard Time
Santiago de los Caballeros,-4,Dominican Republic,19.45000076,-70.69999695,SA Western Standard Time
Santo Domingo,-4,Dominican Republic,18.48333359,-69.91666412,SA Western Standard Time
Sanxiang,8,China,22.35000038,113.4166641,China Standard Time
Sao Jose do Rio Preto,-3,Brazil,-20.80805588,-49.38083267,E. South America Standard Time
Sao Paulo,-3,Brazil,-22.43333244,-45.36666489,E. South America Standard Time
Sao Tome,0,Sao Tome and Principe,0.333333343,6.733333111,Greenwich Standard Time
Sapporo,9,Japan,43.05470276,141.3539124,Tokyo Standard Time
Sarajevo,1,Bosnia and Herzegovina,43.86666489,18.41666603,Central European Standard Time
Saransk,3,Russia,54.18333435,45.16666794,Russian Standard Time
Saskatoon,-6,Canada,52.12916565,-106.6702805,Canada Central Standard Time
Saxonburg,-5,United States,40.75,-79.81666565,Eastern Standard Time
Schaffhausen,1,Switzerland,47.70000076,8.633333206,W. Europe Standard Time
Schluechtern,1,Germany,50.34944534,9.525555611,W. Europe Standard Time
Seattle,-8,United States,47.62083435,-122.3475037,Pacific Standard Time
Secunderabad,5.5,India,17.49916649,78.54194641,India Standard Time
Semarang,7,Indonesia,-6.966666698,110.4333344,SE Asia Standard Time
Sendai,9,Japan,38.25,140.8833313,Tokyo Standard Time
Seoul,9,Korea South,37.54999924,126.9666672,Korea Standard Time
Sergiev Posad,3,Russia,56.31666565,38.1333313,Russian Standard Time
Sete,1,France,43.40166855,3.696666718,Romance Standard Time
Setif,1,Algeria,36.19112,5.41373,W. Central Africa Standard Time
Sevastopol,3,Russia,44.59972382,33.53305435,Crimean Standard Time
Severodonetsk,2,Ukraine,48.95027924,38.49750137,Ukraine Standard Time
Sevilla,1,Spain,37.38333511,-5.966666698,Romance Standard Time
Shanghai,8,China,31.23333359,121.4499969,China Standard Time
Shannon,0,Ireland,52.70000076,-8.916666985,GMT Standard Time
Sharjah,4,United Arab Emirates,25.37194443,55.41055679,Arabian Standard Time
Sharm El Sheikh,2,Egypt,27.97805595,34.39166641,Egypt Standard Time
Sheffield,0,United Kingdom,53.38305664,-1.464722276,GMT Standard Time
Shekou,8,China,22.48861122,113.9180527,China Standard Time
Shenyang,8,China,41.79999924,123.3833313,China Standard Time
Shenzhen,8,China,22.54999924,114.1166687,China Standard Time
Shijiazhuang,8,China,38.04999924,114.5,China Standard Time
Shikarpur,5,Pakistan,27.96166611,68.64221954,Pakistan Standard Time
Shimla,5.5,India,31.10361099,77.16444397,India Standard Time
Shiraz,3.5,Iran,29.60194397,52.53138733,Iran Standard Time
Sialkot,5,Pakistan,32.51666641,74.55527496,Pakistan Standard Time
Sibiu,2,Romania,45.78333282,24.14999962,FLE Standard Time
Sidi Bou Said,1,Tunisia,36.86999893,10.3413887,W. Central Africa Standard Time
Siem Reap,7,Cambodia,13.35888863,103.8616638,SE Asia Standard Time
Sigiriya,5.5,Sri Lanka,7.958055496,80.72916412,India Standard Time
Silang,8,Philippines,14.23055553,120.9749985,Singapore Standard Time
Simatai,8,China,40.6455574,117.2624969,China Standard Time
Simferopol,3,Russia,44.95000076,34.09972382,Crimean Standard Time
Sines,0,Portugal,37.95000076,-8.866666794,GMT Standard Time
Singapore,8,Singapore,1.299999952,103.8499985,Singapore Standard Time
Sittard,1,Netherlands,51,5.866666794,W. Europe Standard Time
Sivakasi,5.5,India,9.448611259,77.79805756,India Standard Time
Skopje,1,Macedonia,42,21.43330383,Central European Standard Time
Sligo,0,Ireland,54.28333282,-8.466666222,GMT Standard Time
Sliven,2,Bulgaria,42.69055557,26.33277702,FLE Standard Time
Sneek,1,Netherlands,53.03388977,5.661110878,W. Europe Standard Time
Sochi,3,Russia,43.56666565,39.75,Russian Standard Time
Sofia,2,Bulgaria,42.68330383,23.31669617,FLE Standard Time
Solovki,3,Russia,65.0166626,35.73333359,Russian Standard Time
Songkhla,7,Thailand,7.197500229,100.5977783,SE Asia Standard Time
Sousse,1,Tunisia,35.82555389,10.60833359,W. Central Africa Standard Time
South Jordan,-7,United States,40.56222153,-111.9297256,Mountain Standard Time
South Tarawa,12,Kiribati,1.316666722,172.9666595,Marshall Islands Standard Time
Southampton,0,United Kingdom,50.90972137,-1.404722214,GMT Standard Time
Spijkenisse,1,Netherlands,51.83333206,4.333333015,W. Europe Standard Time
Spokane,-8,United States,47.65361023,-117.4113922,Pacific Standard Time
Spring Hill,-5,United States,28.48305511,-82.53722382,Eastern Standard Time
St. Catharines,-5,Canada,43.16666794,-79.25,Eastern Standard Time
St. John's,-4,Antigua and Barbuda,17.11666679,-61.83333206,SA Western Standard Time
St. John's-CA,-3.5,Canada,47.57666779,-52.70111084,Newfoundland Standard Time
St. Louis,-6,United States,38.63333511,-90.19999695,Central Standard Time
St. Paul,-6,United States,44.94472122,-93.10277557,Central Standard Time
St. Petersburg,3,Russia,59.89439392,30.26420593,Russian Standard Time
Stamford,-5,United States,41.05527878,-73.53111267,Eastern Standard Time
Stanley,-3,Falkland Islands,-51.70000076,-57.84972382,Falkland Islands Standard Time
Stavanger,1,Norway,58.96666718,5.733333111,W. Europe Standard Time
Stavropol,3,Russia,45.06666565,41.96666718,Russian Standard Time
Steinkjer,1,Norway,64.01667023,11.5,W. Europe Standard Time
Stenungsund,1,Sweden,58.06666565,11.83333302,W. Europe Standard Time
Stockholm,1,Sweden,59.33300018,18.04999924,W. Europe Standard Time
Strasbourg,1,France,48.5830574,7.743888855,Romance Standard Time
Stuttgart,1,Germany,48.78333282,9.183333397,W. Europe Standard Time
Suifenhe,8,China,44.3955574,131.140274,China Standard Time
Sulaimaniya,3,Iraq,35.5616684,45.44055557,Arabic Standard Time
Sullana,-5,Peru,-4.891944408,-80.68416595,SA Pacific Standard Time
Sundsvall,1,Sweden,62.40000153,17.33333397,W. Europe Standard Time
Sunnyvale,-8,United States,37.36888885,-122.0352783,Pacific Standard Time
Surabaya,7,Indonesia,-7.283333302,112.7333298,SE Asia Standard Time
Surat,5.5,India,21.19499969,72.81944275,India Standard Time
Surprise,-7,United States,33.63833237,-112.4550018,US Mountain Standard Time
Suva,12,Fiji,-18.01333427,178.4166718,Fiji Standard Time
Suzdal,3,Russia,56.41666794,40.45000076,Russian Standard Time
Suzhou,8,China,33.63333511,117,China Standard Time
Swansea,0,United Kingdom,51.63333511,-3.950000048,GMT Standard Time
Swindon,0,United Kingdom,51.56138992,-1.765833378,GMT Standard Time
Sydney,10,Australia,-33.86666489,151.2166595,AUS Eastern Standard Time
Sydney,-4,Canada,46.15000153,-60.20000076,Atlantic Standard Time
Sylhet,6,Bangladesh,24.89777756,91.8713913,Bangladesh Standard Time
Syracuse,-5,United States,43.04805374,-76.14778137,Eastern Standard Time
Szombathely,1,Hungary,47.23555374,16.62138939,Central Europe Standard Time
Tacoma,-8,United States,47.25305557,-122.4430542,Pacific Standard Time
Tacuarembo,-3,Uruguay,-31.70000076,-55.98333359,Uruguay Standard Time
Taganrog,3,Russia,47.21666718,38.91666794,Russian Standard Time
Taguig,8,Philippines,14.52111149,121.0622253,Singapore Standard Time
Taian,8,China,36.18333435,117.1333313,China Standard Time
Taichung,8,Taiwan,24.14999962,120.6666641,Taipei Standard Time
Taif,3,Saudi Arabia,21.27722168,40.42111206,Arab Standard Time
Taiohae,-9.5,French Polynesia,-8.906666756,-140.1036072,Marquesas Islands Standard Time
Taipei,8,Taiwan,25.04999924,121.5249939,Taipei Standard Time
Taiyuan,8,China,37.89305496,112.5516663,China Standard Time
Taiz,3,Yemen,13.56972218,44.01472092,Arab Standard Time
Takab,3.5,Iran,36.40000153,47.10638809,Iran Standard Time
Takrouna,1,Tunisia,36.1511116,10.32861137,W. Central Africa Standard Time
Tallinn,2,Estonia,59.41666794,24.75,FLE Standard Time
Tampa,-5,United States,27.95000076,-82.46666718,Eastern Standard Time
Tamuning,10,Guam,13.48388863,144.7766724,West Pacific Standard Time
Tangail,6,Bangladesh,24.24749947,89.92111206,Bangladesh Standard Time
Tanggu,8,China,39,117.6833344,China Standard Time
Tangshan,8,China,39.61666489,118.1833344,China Standard Time
Tanjay City,8,Philippines,9.519721985,123.160553,Singapore Standard Time
Tashkent,5,Uzbekistan,41.33333206,69.30000305,West Asia Standard Time
Tbilisi,4,Georgia,41.71666718,44.81666565,Tbilisi Standard Time
Tegucigalpa,-6,Honduras,14.10000038,-87.21666718,Central America Standard Time
Tehran,3.5,Iran,35.67190552,51.43333435,Iran Standard Time
Tel Aviv,2,Israel,32.04999924,34.76666641,Israel Standard Time
Telluride ,-7,United States,37.9375,-107.8122253,Mountain Standard Time
Tepic,-7,Mexico,21.50388908,-104.8944473,Mexico Standard Time 2
Thaton,6.5,Burma,16.9197216,97.36777496,Myanmar Standard Time
The Hague,1,Netherlands,52.1333313,4.5,W. Europe Standard Time
Thessaloniki,2,Greece,40.625,22.95111084,FLE Standard Time
Thies,0,Senegal,14.80000019,-16.91666603,Greenwich Standard Time
Thimphu,6,Bhutan,27.45000076,89.66666412,Central Asia Standard Time
Thiruvananthapuram,5.5,India,8.4875,76.94999695,India Standard Time
Tianjin,8,China,39.13333511,117.1833344,China Standard Time
Tijuana,-8,Mexico,32.53329468,-117.0167007,Pacific Standard Time
Timisoara,2,Romania,45.75,21.23333359,FLE Standard Time
Tirana,1,Albania,41.33333206,19.79999924,W. Europe Standard Time
Tiraspol,2,Moldova,46.85222244,29.63194466,Moldova Standard Time
Tiruchirapalli,5.5,India,10.80000019,78.69999695,India Standard Time
Tizimin,-6,Mexico,21.14583397,-88.15000153,Mexico Standard Time
Tlemcen,1,Algeria,34.87833,-1.315,W. Central Africa Standard Time
Toalmas,1,Hungary,47.51250076,19.66777802,Central Europe Standard Time
Tokyo,9,Japan,35.65000153,139.7333374,Tokyo Standard Time
Toledo,-5,United States,41.66666794,-83.55000305,Eastern Standard Time
Toluca de Lerdo,-6,Mexico,19.29249954,-99.65694427,Mexico Standard Time
Tomsk,6,Russia,56.46389008,84.96250153,Tomsk Standard Time
Toowoomba,10,Australia,-27.56666756,151.9666595,E. Australia Standard Time
Toronto,-5,Canada,43.67027664,-79.38666534,Eastern Standard Time
Torshavn,0,Faroe Islands,62.01666641,-6.766666889,GMT Standard Time
Toulon,1,France,43.1241684,5.928055763,Romance Standard Time
Toulouse,1,France,43.59999847,1.450000048,Romance Standard Time
Tours,1,France,47.38333511,0.699999988,Romance Standard Time
Townsville,10,Australia,-19.28333282,146.8000031,E. Australia Standard Time
Tozeur,1,Tunisia,33.91666794,8.133333206,W. Central Africa Standard Time
Trelleborg,1,Sweden,55.36666489,13.16666698,W. Europe Standard Time
Trier,1,Germany,49.75361252,6.646111012,W. Europe Standard Time
Trieste,1,Italy,45.65638733,13.77861118,W. Europe Standard Time
Tripoli,2,Libya,32.88333511,13.1833334,Libya Standard Time
Tromso,1,Norway,69.66139221,18.95027733,W. Europe Standard Time
Trondheim,1,Norway,63.41666794,10.41666698,W. Europe Standard Time
Trujillo,-5,Peru,-8.112500191,-79.02999878,SA Pacific Standard Time
Tshwane,2,South Africa,-25.70000076,28.23333359,South Africa Standard Time
Tuapse,3,Russia,44.09999847,39.06666565,Russian Standard Time
Tucson,-7,United States,32.21666718,-110.9333344,US Mountain Standard Time
Tucuman,-3,Argentina,-26.80833244,-65.21749878,Argentina Standard Time
Tula,3,Russia,54.21666718,37.59999847,Russian Standard Time
Tulcea,2,Romania,45.18333435,28.79999924,FLE Standard Time
Tulsa,-6,United States,36.09999847,-95.91666412,Central Standard Time
Tunis,1,Tunisia,36.81638718,10.16666698,W. Central Africa Standard Time
Turin,1,Italy,45.06666565,7.666666508,W. Europe Standard Time
Turku,2,Finland,60.45000076,22.26666641,FLE Standard Time
Tuticorin,5.5,India,8.816666603,78.1333313,India Standard Time
Tuzla,1,Bosnia and Herzegovina,44.53277588,18.67027855,Central European Standard Time
Tver',3,Russia,56.86666489,35.91666794,Russian Standard Time
Ubon Ratchathani,7,Thailand,15.22972202,104.8561096,SE Asia Standard Time
Ubud,8,Indonesia,-8.49750042,115.265831,Singapore Standard Time
Udon Thani,7,Thailand,17.4066658,102.7900009,SE Asia Standard Time
Ufa,5,Russia,54.83333206,56.09999847,Ekaterinburg Standard Time
Ulaanbaatar,8,Mongolia,47.91666794,106.8833313,Ulaanbaatar Standard Time
Ulan-Ude,8,Russia,51.84583282,107.5647202,Ulan-Ude Standard Time
Ulyanovsk,3,Russia,54.31666565,48.36666489,Ulyanovsk Standard Time
Upper Hutt,12,New Zealand,-41.13944626,175.031662,New Zealand Standard Time
Uppsala,1,Sweden,59.84999847,17.64999962,W. Europe Standard Time
Urumqi,8,China,43.79999924,87.58333588,China Standard Time
Ushuaia,-3,Argentina,-54.78305435,-68.31639099,SA Eastern Standard Time
Utrecht,1,Netherlands,52.0913887,5.122777939,W. Europe Standard Time
Uzhhorod,2,Ukraine,48.6241684,22.29388809,Ukraine Standard Time
Vaasa,2,Finland,63.09999847,21.61666679,FLE Standard Time
Vadodara,5.5,India,22.30638885,73.1875,India Standard Time
Vaduz,1,Liechtenstein,47.15000153,9.533333778,W. Europe Standard Time
Valaam,3,Russia,61.38888931,30.94750023,Russian Standard Time
Valdivia,-3,Chile,-39.82416534,-73.21333313,Chile Standard Time
Valencia,1,Spain,39.46666718,-0.366666675,Romance Standard Time
Valladolid,1,Spain,41.64888763,-4.726110935,Romance Standard Time
Vallauris,1,France,43.57944489,7.053055763,Romance Standard Time
Valletta,1,Malta,35.90000153,14.51666641,W. Europe Standard Time
Valparaiso,-3,Chile,-33.04555511,-71.6202774,Chile Standard Time
Vancouver,-8,Canada,49.26361084,-123.1386108,Pacific Standard Time
Vardo,1,Norway,70.3833313,31.08333397,W. Europe Standard Time
Varna,2,Bulgaria,43.21666718,27.91194534,FLE Standard Time
Vatican City,1,Holy See (Vatican City),41.90000153,12.44999981,W. Europe Standard Time
Velikiye Luki,3,Russia,56.33333206,30.53333282,Russian Standard Time
Venice,1,Italy,45.43333435,12.33333302,W. Europe Standard Time
Veracruz,-6,Mexico,19.17277718,-96.1333313,Mexico Standard Time
Verona,1,Italy,45.43333435,10.98333359,W. Europe Standard Time
Vevey,1,Switzerland,46.46389008,6.840277672,W. Europe Standard Time
Viana do Castello,0,Portugal,41.70000076,-8.816666603,GMT Standard Time
Victoria,-8,Canada,48.42750168,-123.3672256,Pacific Standard Time
Victoria,1,Malta,36.04555511,14.24361134,W. Europe Standard Time
Victoria,4,Seychelles,-4.616666794,55.45000076,Arabian Standard Time
Vidin,2,Bulgaria,43.99702454,22.88261986,FLE Standard Time
Viedma,-3,Argentina,-40.81361008,-62.99416733,SA Eastern Standard Time
Vienna,1,Austria,48.21666718,16.33333397,W. Europe Standard Time
Vienna,-5,United States,38.9011116,-77.26527405,Eastern Standard Time
Vientiane,7,Laos,17.96666718,102.6166687,SE Asia Standard Time
Vila Real,0,Portugal,41.29999924,-7.733333111,GMT Standard Time
Vilnius,2,Lithuania,54.68330383,25.31669617,FLE Standard Time
Vina del Mar,-3,Chile,-33.02444458,-71.55222321,Chile Standard Time
Visby,1,Sweden,57.64083481,18.29611206,W. Europe Standard Time
Vishakhapatnam,5.5,India,17.73333359,83.30000305,India Standard Time
Vitoria,1,Spain,42.84999847,-2.666666746,Romance Standard Time
Vizianagaram,5.5,India,18.11388969,83.40944672,India Standard Time
Vladimir,3,Russia,56.15000153,40.36666489,Russian Standard Time
Vladivostok,10,Russia,43.13305664,131.8997192,Vladivostok Standard Time
Volgograd,3,Russia,48.80470276,44.58580017,Russian Standard Time
Vologda,3,Russia,59.21666718,39.86666489,Russian Standard Time
Volokolamsk,3,Russia,56.06666565,35.93333435,Russian Standard Time
Voronezh,3,Russia,51.71666718,39.26666641,Russian Standard Time
Votkinsk,4,Russia,57.05749893,53.99499893,Samara Standard Time
Waikanae,12,New Zealand,-40.87527847,175.0641632,New Zealand Standard Time
Waikoloa,-10,United States,19.93722153,-155.7911072,Hawaiian Standard Time
Wailua,-10,United States,22.0522213,-159.3377838,Hawaiian Standard Time
Waimea,-10,United States,21.95861053,-159.6708374,Hawaiian Standard Time
Waingapu,8,Indonesia,-9.662777901,120.2669449,Singapore Standard Time
Wakkana,9,Japan,45.40166855,141.682785,Tokyo Standard Time
Warrnambool,10,Australia,-38.38333511,142.4833374,AUS Eastern Standard Time
Warsaw,1,Poland,52.25,21,Central European Standard Time
Washington DC,-5,United States,38.88333511,-77.03333282,Eastern Standard Time
Waterford,0,Ireland,52.25,-7.133333206,GMT Standard Time
Waterloo,-5,Canada,43.53333282,-80.53333282,Eastern Standard Time
Wellington,12,New Zealand,-41.28333282,174.7832947,New Zealand Standard Time
West Wendover,-7,United States,40.73916626,-114.0733337,Mountain Standard Time
Westford,-5,United States,42.57916641,-71.4383316,Eastern Standard Time
Whistler,-8,Canada,50.11666489,-122.9666672,Pacific Standard Time
White Rock,-8,Canada,49.02388763,-122.8011093,Pacific Standard Time
Whitehorse,-8,Canada,60.71972275,-135.0519409,Pacific Standard Time
Wichita KS,-6,United States,37.70000076,-97.33333588,Central Standard Time
Willemstad,-4,Curacao,12.10000038,-68.93333435,SA Western Standard Time
Windhoek,1,Namibia,-22.56666756,17.08333397,Namibia Standard Time
Window Rock,-7,United States,35.67277908,-109.0622253,Mountain Standard Time
Windsor,-5,Canada,42.29277802,-82.9936142,Eastern Standard Time
Winnipeg,-6,Canada,49.8955574,-97.13833618,Central Standard Time
Winston-Salem,-5,United States,36.09472275,-80.24333191,Eastern Standard Time
Wodonga,10,Australia,-36.03333282,146.5666656,AUS Eastern Standard Time
Wollongong,10,Australia,-34.41666794,150.8666687,AUS Eastern Standard Time
Wuhan,8,China,30.59472275,114.3022232,China Standard Time
Xiamen,8,China,24.47972298,118.089447,China Standard Time
Xian,8,China,34.26666641,108.8833313,China Standard Time
Yakutsk,9,Russia,62.03390503,129.7330933,Yakutsk Standard Time
Yalta,3,Russia,44.5,34.16666794,Crimean Standard Time
Yamoussoukro,0,Cote d'Ivoire,6.816666603,-5.283333302,Greenwich Standard Time
Yantai,8,China,37.54999924,121.3666687,China Standard Time
Yaounde,1,Cameroon,3.866666555,11.51666641,W. Central Africa Standard Time
Yaroslavl,3,Russia,57.59999847,39.84999847,Russian Standard Time
Yasok,5.75,Nepal,27.06833267,87.64778137,Nepal Standard Time
Yawnghwe,6.5,Burma,20.65416718,96.93444824,Myanmar Standard Time
Yazd,3.5,Iran,31.89666748,54.36055374,Iran Standard Time
Yellowknife,-7,Canada,62.45527649,-114.3691635,Mountain Standard Time
Yerevan,4,Armenia,40.18110657,44.5,Armenia Standard Time
Yevpatoriya,3,Russia,45.21666718,33.38333511,Crimean Standard Time
Yigo,10,Guam,13.53333378,144.8999939,West Pacific Standard Time
Yokohama,9,Japan,35.43333435,139.6499939,Tokyo Standard Time
Yokosuka,9,Japan,35.25,139.6666718,Tokyo Standard Time
Yuzhno-Sakhalinsk,10,Russia,46.95000076,142.7333374,Sakhalin Standard Time
Zaandam,1,Netherlands,52.43861008,4.825555325,W. Europe Standard Time
Zagreb,1,Croatia,45.79999924,15.96666622,Central European Standard Time
Zakynthos,2,Greece,37.78333282,20.89666748,FLE Standard Time
Zaporozhye,2,Ukraine,47.84972382,35.15000153,Ukraine Standard Time
Zaragoza,1,Spain,41.65000153,-0.883333325,Romance Standard Time
Zaysan,6,Kazakhstan,47.46472168,84.87055206,Central Asia Standard Time
Zhengzhou,8,China,34.75,113.6666641,China Standard Time
Zhongshan,8,China,22.51666641,113.3927765,China Standard Time
Zihuatanejo,-6,Mexico,17.64444351,-101.5511093,Mexico Standard Time
Zupanja,1,Croatia,45.06916809,18.69722176,Central European Standard Time
Zurich,1,Switzerland,47.36666489,8.550000191,W. Europe Standard Time